run_id,name,_runtime,_step,_timestamp,_wandb.runtime,global_step,rollout/ep_len_mean,rollout/ep_rew_mean,rollout/exploration_rate,time/fps,train/learning_rate,train/loss,env,seed,timesteps,train/approx_kl,train/clip_fraction,train/clip_range,train/entropy_loss,train/explained_variance,train/policy_gradient_loss,train/std,train/value_loss,charts/episodic_length,charts/episodic_return,losses/q_values,losses/td_loss,end_e,gamma,env_id,seq_len,start_e,batch_size,buffer_size,learning_rate,total_timesteps,exploration_fraction,target_network_frequency,losses/qrm_loss
mws8ul4a,TemporalComp_HazardousDelivery-v0__dqn__1__1790865199,1614,1325.0,1790866815.7619188,1614,999839.0,248.25,-23.3,0.05,620.0,0.001,0.01723402,TemporalComp/HazardousDelivery-v0,1,1000000.0,,,,,,,,,,,,,,,,,,,,,,,,
ajhdvfo4,TemporalComp_SequentialColour-v0__dqn__1__1790866823,8275,119.0,1790874727.2623584,8275,2870034.0,26200.72,-121.02,0.01,363.0,0.0001,0.00042822838,TemporalComp/SequentialColour-v0,1,3000000.0,,,,,,,,,,,,,,,,,,,,,,,,
px1khwjo,TemporalComp_HazardousDelivery-v0__dqn__2__1790875107,2,,,2,,,,,,,,TemporalComp/HazardousDelivery-v0,2,1000000.0,,,,,,,,,,,,,,,,,,,,,,,,
91y6loyj,TemporalComp_SequentialColour-v0__dqn__2__1790875121,2,,,2,,,,,,,,TemporalComp/SequentialColour-v0,2,3000000.0,,,,,,,,,,,,,,,,,,,,,,,,
cdov4ojs,TemporalComp_HazardousDelivery-v0__dqn__3__1790875136,2,,,2,,,,,,,,TemporalComp/HazardousDelivery-v0,3,1000000.0,,,,,,,,,,,,,,,,,,,,,,,,
i21h8it2,TemporalComp_SequentialColour-v0__dqn__3__1790875149,2,,,2,,,,,,,,TemporalComp/SequentialColour-v0,3,3000000.0,,,,,,,,,,,,,,,,,,,,,,,,
po07ksuo,TemporalComp_DeferredMaintenance-v0__ppo__1__1790875168,7296,976.0,1790882462.55383,7296,2000896.0,2314.0,-5173.8,,274.0,0.0003,6.8226786,TemporalComp/DeferredMaintenance-v0,1,2000000.0,0.005355801,0.12851563,0.2,1.9219621,0.0,0.006123078,0.09453461,11.210637,,,,,,,,,,,,,,,,
pdquwaab,TemporalComp_DeferredMaintenance-v0__ppo__2__1790882474,2,,,2,,,,,,,,TemporalComp/DeferredMaintenance-v0,2,2000000.0,,,,,,,,,,,,,,,,,,,,,,,,
vdf386xv,TemporalComp_DeferredMaintenance-v0__ppo__3__1790882487,2,,,2,,,,,,,,TemporalComp/DeferredMaintenance-v0,3,2000000.0,,,,,,,,,,,,,,,,,,,,,,,,
pvqtzbz2,TemporalComp_HazardousDelivery-v0__drqn__1__1790926818,8696,18847.0,1790935517.5068798,8696,999900.0,,,,,,,,1,,,,,,,,,,500.0,29.0,2252.5706,4294.3574,0.05,0.99,TemporalComp/HazardousDelivery-v0,8.0,1.0,32.0,10000.0,0.00025,1000000.0,0.5,500.0,
93t5rk8u,TemporalComp_HazardousDelivery-v0__drqn__2__1790935544,765,1252.0,1790936312.210864,765,999910.0,,,,,,,,2,,,,,,,,,,500.0,4.0,1522.312,906.2549,0.05,0.99,TemporalComp/HazardousDelivery-v0,8.0,1.0,32.0,10000.0,0.00025,1000000.0,0.5,500.0,
4aso44k2,TemporalComp_HazardousDelivery-v0__drqn__3__1790936338,792,1240.0,1790937133.7049828,792,999900.0,,,,,,,,3,,,,,,,,,,157.0,-50.0,1453.2871,1093.1382,0.05,0.99,TemporalComp/HazardousDelivery-v0,8.0,1.0,32.0,10000.0,0.00025,1000000.0,0.5,500.0,
2cnm29bk,TemporalComp_DeferredMaintenance-v0__recurrent_ppo__1__1790937162,14078,1953.0,1790951237.3384888,14078,2000896.0,,,,142.0,0.0003,0.37151527,TemporalComp/DeferredMaintenance-v0,1,2000000.0,0.018327214,0.24648437,0.2,2.327549,0.91724837,0.008190816,0.0887086,0.62424797,,,,,,,,,,,,,,,,
ncjwx8jg,TemporalComp_DeferredMaintenance-v0__recurrent_ppo__2__1790951250,2,,,2,,,,,,,,TemporalComp/DeferredMaintenance-v0,2,2000000.0,,,,,,,,,,,,,,,,,,,,,,,,
vepj877j,TemporalComp_DeferredMaintenance-v0__recurrent_ppo__3__1790951262,2,,,2,,,,,,,,TemporalComp/DeferredMaintenance-v0,3,2000000.0,,,,,,,,,,,,,,,,,,,,,,,,
mtgtobtx,TemporalComp_HazardousDelivery-v0__qrm__1__1790953458,32980,12233.0,1790986431.989291,32980,999658.0,,,,,,,,1,,,,,,,,,,,-50.0,,,0.05,0.99,TemporalComp/HazardousDelivery-v0,,1.0,64.0,50000.0,0.00025,1000000.0,0.5,500.0,12.236729
f4jzrwdn,TemporalComp_HazardousDelivery-v0__qrm__2__1790986449,3360,573.0,1790989811.3011916,3360,999953.0,,,,,,,,2,,,,,,,,,,,-40.0,,,0.05,0.99,TemporalComp/HazardousDelivery-v0,,1.0,64.0,50000.0,0.00025,1000000.0,0.5,500.0,78.35585
wg5i8ip3,TemporalComp_HazardousDelivery-v0__qrm__3__1790989818,3479,562.0,1790993299.3576045,3479,999968.0,,,,,,,,3,,,,,,,,,,,-52.0,,,0.05,0.99,TemporalComp/HazardousDelivery-v0,,1.0,64.0,50000.0,0.00025,1000000.0,0.5,500.0,81.69965
8zcrbit4,TemporalComp_DeferredMaintenance-v0__ppo_rm__2__1791049669,442,48.0,1791050107.976887,442,100352.0,,,,231.0,0.0003,1.7083532,,2,100000.0,0.0060166707,0.07133789,0.2,-2.142428,0.70340157,0.0037734515,0.70465696,3.6968558,,,,,,,TemporalComp/DeferredMaintenance-v0,,,,,,,,,
9dpye8xe,TemporalComp_SequentialColour-v0__drqn__3__1791049667,82,28.0,1791049685.5721257,82,29214.0,,,,,,,,3,,,,,,,,,,4060.0,-316.0,,,0.05,0.99,TemporalComp/SequentialColour-v0,8.0,1.0,32.0,10000.0,0.00025,100000.0,0.5,500.0,
ensf2p8c,TemporalComp_SequentialColour-v0__drqn__1__1791049667,83,22.0,1791049681.43682,83,22062.0,,,,,,,,1,,,,,,,,,,6017.0,-345.0,,,0.05,0.99,TemporalComp/SequentialColour-v0,8.0,1.0,32.0,10000.0,0.00025,100000.0,0.5,500.0,
ijhaiajv,TemporalComp_DeferredMaintenance-v0__ppo_rm__1__1791049669,435,48.0,1791050101.5953777,435,100352.0,4324.0,-5219.1333,,234.0,0.0003,1.7930027,,1,100000.0,0.011720713,0.11904297,0.2,-1.9967204,0.6086623,-0.0008494319,0.65422076,4.7936373,,,,,,,TemporalComp/DeferredMaintenance-v0,,,,,,,,,
nxjraogz,TemporalComp_SequentialColour-v0__drqn__2__1791049667,82,27.0,1791049684.7839875,82,28136.0,,,,,,,,2,,,,,,,,,,1042.0,-81.0,,,0.05,0.99,TemporalComp/SequentialColour-v0,8.0,1.0,32.0,10000.0,0.00025,100000.0,0.5,500.0,
s0hdvp69,TemporalComp_DeferredMaintenance-v0__ppo_rm__3__1791049669,421,48.0,1791050088.0649571,421,100352.0,,,,242.0,0.0003,6.3444877,,3,100000.0,0.0075496845,0.11430664,0.2,-1.8665173,0.0,-0.00029533354,0.6225098,11.853151,,,,,,,TemporalComp/DeferredMaintenance-v0,,,,,,,,,
