_runtime,_timestamp,global_step,losses/td_loss,losses/q_values,charts/episodic_length,charts/episodic_return,_step
10.202920083,1790926825.1761255,1000,84.4126,-1.5984709,,,38
10.203102366,1790926826.0613313,1100,80.54586,-2.0549605,,,42
10.203219698,1790926826.8448977,1190,,,23.0,-50.0,45
10.20331522,1790926827.040259,1212,,,22.0,-50.0,47
10.20366079,1790926829.352897,1470,,,28.0,-54.0,55
15.207369334,1790926835.59622,2147,,,20.0,-50.0,87
25.21397441,1790926844.2260177,3100,49.588127,-1.0793102,,,122
30.217519186,1790926848.1611838,3531,,,36.0,-50.0,143
30.218216949,1790926850.6052804,3800,47.236095,-0.5781007,,,152
30.220060327,1790926851.3635197,3884,,,24.0,-53.0,158
45.226465944,1790926862.928619,5192,,,124.0,-57.0,202
55.230473114,1790926875.3181489,6606,,,3.0,-50.0,255
75.239995486,1790926893.7900026,8660,,,9.0,-50.0,328
80.243271224,1790926899.5261538,9300,21.996452,6.52417,,,346
85.244838982,1790926903.019075,9688,,,20.0,-50.0,359
85.245332675,1790926906.0213563,10022,,,92.0,-40.0,370
90.248349775,1790926910.8181028,10558,,,6.0,-50.0,397
90.248641741,1790926911.7419968,10662,,,3.0,-50.0,403
100.251987555,1790926917.2824833,11283,,,46.0,-52.0,424
105.255734966,1790926923.0741284,11931,,,56.0,-40.0,457
105.256149031,1790926925.4711294,12199,,,13.0,-51.0,471
110.258008408,1790926927.0665956,12377,,,13.0,-50.0,479
110.258470537,1790926929.0747578,12600,51.38996,10.717403,,,492
110.259008777,1790926930.8353953,12800,69.77721,14.248632,,,501
115.261217921,1790926933.128018,13067,,,6.0,-52.0,510
115.261698543,1790926934.3396425,13200,48.71859,12.971246,,,518
115.262174109,1790926936.3239512,13421,,,30.0,-51.0,528
120.263675301,1790926936.9750001,13493,,,12.0,-52.0,533
120.264013904,1790926938.388404,13650,,,58.0,-50.0,541
120.26434936,1790926940.219114,13854,,,1.0,-50.0,550
130.267703965,1790926946.8445175,14600,39.612312,18.32746,,,583
135.270589114,1790926954.989839,15511,,,95.0,-50.0,621
135.270886916,1790926956.2151701,15651,,,4.0,-50.0,629
145.274406047,1790926962.3545327,16334,,,56.0,-50.0,659
145.274734637,1790926965.5971134,16700,79.50029,19.719452,,,670
145.274951021,1790926966.6206994,16814,,,47.0,-50.0,676
160.278955766,1790926976.7148664,17941,,,3.0,-50.0,713
175.284534023,1790926992.7405171,19708,,,80.0,-45.0,774
175.284844439,1790926995.3513622,20000,87.83087,26.830872,,,783
185.289739954,1790927002.5583882,20800,75.64116,29.483898,,,812
185.289977082,1790927003.3333297,20882,,,1.0,-50.0,817
185.290147759,1790927004.3182418,20987,,,63.0,-50.0,821
190.291189811,1790927006.8054073,21248,,,24.0,-51.0,830
210.29972551,1790927027.1404696,23497,,,44.0,-51.0,907
210.300561556,1790927030.2509449,23840,,,2.0,-50.0,927
215.302121833,1790927034.3132985,24393,,,35.0,-51.0,944
215.30243732899999,1790927035.294992,24593,,,103.0,-52.0,950
220.304838116,1790927037.4219527,25068,,,5.0,-50.0,975
220.305457421,1790927040.2886124,25471,,,114.0,-49.0,990
225.307220792,1790927042.3570805,25700,107.23639,36.83516,,,1002
225.307291279,1790927042.7400947,25744,,,15.0,-50.0,1004
230.309423316,1790927047.7700753,26327,,,312.0,-53.0,1016
230.309598169,1790927048.6748366,26428,,,5.0,-52.0,1021
235.311968726,1790927052.8824754,26900,112.43656,36.11233,,,1039
235.312052687,1790927053.2271514,26939,,,7.0,-50.0,1042
235.31228067199999,1790927055.6188521,27209,,,34.0,-55.0,1050
235.31240707,1790927056.4456081,27300,69.67117,38.100403,,,1055
240.313953211,1790927060.4862483,27753,,,31.0,-33.0,1073
245.315232082,1790927064.3818517,28200,97.98057,42.769814,,,1087
250.317716538,1790927070.5508392,28903,,,1.0,-50.0,1109
255.320223884,1790927076.16458,29522,,,102.0,-45.0,1137
265.32468332,1790927084.2175505,30414,,,18.0,-50.0,1177
270.326294013,1790927089.2951458,30983,,,6.0,-51.0,1197
280.329363563,1790927099.28428,32100,98.41127,53.1927,,,1234
280.32950328,1790927100.1799626,32200,122.40835,48.5291,,,1239
285.331420166,1790927103.5474353,32600,128.47714,54.242477,,,1251
285.331770926,1790927105.0587473,32765,,,58.0,-55.0,1259
295.340612598,1790927111.9047468,33519,,,15.0,-50.0,1292
295.341085463,1790927115.820846,33953,,,58.0,-52.0,1308
300.342237727,1790927117.1468463,34100,97.623665,55.613503,,,1310
300.342854522,1790927119.8909926,34405,,,44.0,-51.0,1324
305.344130687,1790927125.3979068,35012,,,1.0,-50.0,1341
310.346362599,1790927129.263559,35436,,,85.0,-40.0,1357
320.352332539,1790927140.523915,36694,,,170.0,-42.0,1400
325.353798491,1790927143.197738,36987,,,37.0,-51.0,1411
325.354207023,1790927145.9697003,37303,,,7.0,-51.0,1424
330.355213539,1790927150.2834222,37800,171.64331,57.346817,,,1433
335.35742626,1790927156.2134888,38476,,,66.0,-50.0,1454
335.357487931,1790927156.6269903,38523,,,47.0,-42.0,1456
340.358683123,1790927157.5991218,38633,,,2.0,-50.0,1461
345.360863156,1790927164.6357667,39457,,,16.0,-40.0,1491
345.361139548,1790927166.2033732,39635,,,16.0,-53.0,1501
345.36121828,1790927166.698962,39690,,,2.0,-50.0,1504
350.366258842,1790927168.7991874,39977,,,39.0,-52.0,1513
350.366600728,1790927169.9237037,40103,,,5.0,-50.0,1519
365.372540859,1790927183.4721653,41600,214.37726,71.11626,,,1578
385.381340565,1790927205.8018968,44069,,,25.0,-52.0,1657
390.383231353,1790927209.1027024,44439,,,6.0,-50.0,1675
405.388788191,1790927225.484666,46298,,,47.0,-60.0,1751
405.388986172,1790927225.9642117,46350,,,13.0,-50.0,1756
410.393772582,1790927228.2100194,46600,211.67763,74.182556,,,1762
410.39382959,1790927228.71405,46658,,,39.0,-53.0,1764
410.39418428,1790927231.386132,46959,,,31.0,-60.0,1775
415.395981657,1790927232.964246,47137,,,23.0,-50.0,1784
415.396118189,1790927234.1555986,47273,,,43.0,-59.0,1789
435.403617442,1790927255.5072985,49609,,,78.0,-43.0,1864
435.403700897,1790927256.329198,49697,,,8.0,-50.0,1867
455.411243392,1790927272.340529,51400,169.13348,91.978516,,,1928
455.411303116,1790927273.2603953,51500,194.99567,81.47647,,,1930
455.411923911,1790927276.4269242,51845,,,10.0,-50.0,1943
460.413627187,1790927277.010721,51909,,,59.0,-54.0,1947
465.415542757,1790927283.6376274,52647,,,182.0,-55.0,1967
470.420619993,1790927287.2952974,53052,,,1.0,-50.0,1979
470.420758755,1790927288.64778,53200,115.48943,94.15651,,,1984
470.421002253,1790927291.0654664,53467,,,11.0,-50.0,1993
475.422683034,1790927296.2397776,54046,,,3.0,-50.0,2016
485.425576705,1790927303.7376387,54894,,,86.0,-45.0,2042
490.427770021,1790927309.0970018,55500,240.75203,98.10326,,,2067
490.427848026,1790927309.9687667,55598,,,44.0,-50.0,2070
495.430003381,1790927313.6245327,56000,270.43912,103.67855,,,2084
495.430238772,1790927315.96356,56259,,,47.0,-40.0,2091
500.432438312,1790927317.2565858,56400,278.2968,104.86795,,,2096
500.432871453,1790927319.2639542,56621,,,60.0,-45.0,2105
505.434451819,1790927321.8796391,56900,197.92332,101.49054,,,2114
505.434735708,1790927324.0270367,57132,,,19.0,-50.0,2123
505.434948636,1790927325.527879,57300,230.24454,98.60539,,,2131
510.436902098,1790927329.597599,57758,,,4.0,-50.0,2149
510.437020556,1790927330.8191845,57897,,,61.0,-63.0,2153
515.439302559,1790927335.0590446,58351,,,35.0,-51.0,2168
520.441091703,1790927338.2537558,58700,234.08281,113.792885,,,2183
520.441413229,1790927340.9420042,59000,253.61922,101.84633,,,2190
530.444686526,1790927350.9771023,60126,,,48.0,-52.0,2212
540.450133211,1790927357.3139815,60831,,,17.0,-51.0,2242
540.450498108,1790927359.4212613,61062,,,24.0,-50.0,2252
550.45461907,1790927368.6626315,62076,,,83.0,-40.0,2278
550.454770159,1790927369.6431236,62182,,,62.0,-55.0,2281
555.456895937,1790927375.330642,62799,,,19.0,-60.0,2298
560.458813996,1790927381.900123,63513,,,4.0,-50.0,2317
580.471162556,1790927397.9549158,65300,311.52994,117.12125,,,2377
595.477778855,1790927417.0683815,67400,327.40414,126.98718,,,2453
610.483191912,1790927427.7691844,68574,,,15.0,-51.0,2492
615.485587477,1790927435.5288215,69415,,,6.0,-50.0,2526
620.487037733,1790927438.0935833,69696,,,23.0,-50.0,2537
620.487342956,1790927439.058413,69800,466.9273,131.04208,,,2544
630.492905961,1790927447.944043,70768,,,5.0,-50.0,2573
635.495327917,1790927454.5832932,71485,,,1.0,-50.0,2608
640.497136316,1790927459.341655,72000,381.57156,134.1724,,,2628
645.499995243,1790927464.8704643,72600,411.33093,125.66371,,,2652
650.502093656,1790927468.4261396,72987,,,42.0,-50.0,2664
650.503137906,1790927471.3315687,73300,445.7472,138.15222,,,2678
660.510876447,1790927478.0177255,74038,,,68.0,-51.0,2699
665.513130936,1790927484.1283016,74700,300.24216,135.92276,,,2723
680.522013212,1790927497.1959782,76121,,,3.0,-50.0,2780
680.522402556,1790927499.7570624,76400,354.47592,143.80513,,,2791
690.525078697,1790927507.8121517,77285,,,97.0,-50.0,2812
690.525110084,1790927507.9562619,77300,299.45392,145.52103,,,2813
695.527303053,1790927516.2072139,78200,486.91528,140.25266,,,2847
700.528725586,1790927517.3299189,78326,,,19.0,-50.0,2853
700.52912431,1790927520.1027043,78624,,,5.0,-50.0,2867
700.529288687,1790927520.828865,78700,570.43604,141.92775,,,2872
705.5311513,1790927525.868001,79241,,,79.0,-50.0,2891
710.533865102,1790927527.8030016,79450,,,67.0,-53.0,2899
715.535843088,1790927532.8990855,80007,,,65.0,-56.0,2918
715.535875758,1790927532.9196146,80009,,,2.0,-50.0,2919
715.536078388,1790927536.498723,80400,280.9038,150.28436,54.0,-50.0,2926
725.539872848,1790927541.969115,81004,,,16.0,-50.0,2946
725.540033998,1790927542.9667444,81114,,,49.0,-42.0,2950
730.542015539,1790927549.729494,81850,,,8.0,-50.0,2972
735.543641794,1790927554.7657404,82400,324.23328,145.14496,,,2986
740.547383302,1790927559.4742296,82908,,,49.0,-51.0,3004
740.547577838,1790927562.1379004,83197,,,23.0,-41.0,3011
745.548860933,1790927566.2178347,83643,,,9.0,-50.0,3027
750.550775309,1790927567.398094,83771,,,51.0,-55.0,3034
750.550925345,1790927567.5743012,83790,,,15.0,-51.0,3036
755.55258494,1790927572.8767302,84369,,,64.0,-53.0,3051
760.554014415,1790927577.5342515,84876,,,3.0,-50.0,3067
760.554044623,1790927577.7657142,84900,545.155,164.95227,,,3068
760.554496244,1790927579.9076564,85134,,,34.0,-51.0,3084
760.554524632,1790927580.403922,85191,,,57.0,-54.0,3085
760.554841711,1790927581.3804846,85300,303.2439,170.45142,,,3094
775.562738503,1790927593.1279447,86610,,,74.0,-53.0,3131
775.562820904,1790927593.3950236,86638,,,25.0,-50.0,3134
775.562936403,1790927593.9847307,86702,,,19.0,-50.0,3138
780.564545392,1790927596.696051,87000,671.6328,157.89334,,,3142
790.568473827,1790927610.2425702,88508,,,15.0,-54.0,3192
795.569479937,1790927612.821347,88802,,,82.0,-50.0,3202
820.579106753,1790927638.3873212,91700,643.20465,174.32321,,,3315
825.582452852,1790927646.163457,92571,,,13.0,-50.0,3340
830.584579864,1790927647.8372443,92751,,,19.0,-42.0,3349
845.591485775,1790927666.80718,94898,,,100.0,-55.0,3418
855.595438908,1790927675.1665828,95855,,,19.0,-42.0,3454
860.597222628,1790927679.9395595,96400,569.1417,181.92517,,,3479
880.605170754,1790927699.1775894,98613,,,1.0,-50.0,3547
895.615189417,1790927712.3653061,100114,,,35.0,-54.0,3605
900.617537229,1790927718.6545174,100800,922.5682,188.17368,,,3628
900.617601687,1790927719.1221552,100852,,,32.0,-50.0,3630
900.617920687,1790927721.2085345,101080,,,57.0,-40.0,3639
910.621893598,1790927726.9385574,101700,398.52515,195.02603,,,3659
910.622084244,1790927728.2838063,101846,,,58.0,-54.0,3663
910.622110145,1790927728.4571187,101869,,,23.0,-50.0,3664
910.622411274,1790927730.3132882,102100,472.5454,200.40479,,,3675
915.6234123,1790927732.4571605,102333,,,100.0,-54.0,3681
915.624242276,1790927736.7264864,102800,697.0577,204.10852,,,3699
920.625969736,1790927739.3004584,103080,,,3.0,-51.0,3713
930.633011,1790927752.1103845,104476,,,3.0,-50.0,3765
940.637419853,1790927760.6677942,105400,761.27844,203.30374,,,3796
950.640472199,1790927770.6214292,106477,,,17.0,-50.0,3826
960.647128533,1790927778.347977,107305,,,16.0,-50.0,3860
965.64892791,1790927785.4263337,108070,,,5.0,-50.0,3876
970.651921338,1790927787.5172303,108301,,,27.0,-50.0,3885
970.652412274,1790927791.9417694,108779,,,54.0,-50.0,3900
975.655843814,1790927793.277906,108923,,,98.0,-50.0,3905
980.660659882,1790927800.5014925,109700,469.7761,213.84973,,,3931
1010.673240025,1790927829.176579,112800,697.4269,219.26682,,,4031
1010.673415343,1790927830.1074274,112900,657.8614,211.78914,,,4037
1010.673723831,1790927831.5422106,113055,,,1.0,-50.0,4042
1020.678380997,1790927839.2797945,113893,,,196.0,-45.0,4061
1025.681785771,1790927846.300492,114650,,,167.0,-61.0,4088
1025.68211435,1790927847.19823,114746,,,6.0,-50.0,4095
1035.686970431,1790927854.282205,115509,,,30.0,-50.0,4119
1045.691710316,1790927866.7632577,116857,,,73.0,-40.0,4159
1050.693018587,1790927870.8913968,117300,868.6771,237.50264,,,4171
1050.693100281,1790927871.7993493,117398,,,27.0,-53.0,4174
1060.699172944,1790927878.5569477,118125,,,7.0,-50.0,4193
1060.699372673,1790927881.0565922,118400,658.062,234.06412,,,4198
1065.700708231,1790927885.7024448,118900,797.66296,233.94838,,,4218
1070.703051017,1790927891.5980895,119531,,,10.0,-50.0,4241
1085.709168286,1790927907.0136297,121200,761.8296,247.201,,,4295
1090.710732399,1790927911.3581653,121668,,,25.0,-50.0,4312
1110.72100788,1790927929.49264,123721,,,50.0,-50.0,4373
1115.724376427,1790927933.4432046,124169,,,24.0,-50.0,4388
1120.726339214,1790927939.913581,124900,816.2271,243.72748,,,4412
1120.726434039,1790927940.281788,124943,,,1.0,-50.0,4414
1125.727664412,1790927943.9019592,125353,,,67.0,-51.0,4425
1135.731897228,1790927954.882094,126595,,,72.0,-50.0,4479
1150.738624533,1790927967.6470385,128051,,,11.0,-50.0,4525
1155.74063757,1790927976.827567,129100,1080.8276,252.68533,,,4554
1160.742146694,1790927979.2746809,129373,,,8.0,-51.0,4563
1160.742416195,1790927980.0979016,129463,,,4.0,-50.0,4573
1170.748120416,1790927987.2979715,130279,,,1.0,-50.0,4597
1170.748377008,1790927989.2844284,130500,879.97375,257.9796,,,4605
1170.74885882,1790927991.9462066,130798,,,1.0,-50.0,4621
1175.751108941,1790927995.973926,131253,,,18.0,-50.0,4637
1180.752108404,1790927997.369523,131412,,,99.0,-42.0,4641
1180.752641168,1790928000.8050876,131800,808.4761,261.40576,,,4658
1190.757672863,1790928008.9648705,132700,897.56177,258.89368,,,4685
1205.762279597,1790928025.6032188,134487,,,53.0,-50.0,4734
1205.762305364,1790928025.6689758,134494,,,7.0,-50.0,4735
1205.762407576,1790928026.6642482,134600,894.3689,276.7292,,,4738
1210.763549765,1790928027.57673,134698,,,15.0,-50.0,4742
1210.763724722,1790928028.031531,134747,,,15.0,-51.0,4745
1210.764330387,1790928029.9174643,134950,,,31.0,-42.0,4757
1210.764381144,1790928030.3893883,135000,1157.658,268.42084,,,4758
1220.767730008,1790928038.747198,135900,856.5248,277.47903,,,4783
1220.767893405,1790928039.7138147,136004,,,27.0,-58.0,4789
1225.769478709,1790928046.9077337,136792,,,179.0,-41.0,4811
1245.779340346,1790928064.6690037,138705,,,5.0,-50.0,4860
1250.781409332,1790928070.8246799,139378,,,131.0,-40.0,4878
1250.78151586,1790928071.3255348,139431,,,8.0,-50.0,4882
1270.789031254,1790928091.3575647,141600,1052.462,288.88654,,,4962
1275.790864135,1790928096.397493,142143,,,210.0,-31.0,4976
1280.792122727,1790928098.53864,142380,,,148.0,-50.0,4983
1285.793893997,1790928102.4077263,142800,1126.5997,285.48706,,,4995
1285.794239893,1790928105.1083407,143089,,,20.0,-50.0,5006
1290.795540662,1790928107.569624,143351,,,2.0,-50.0,5017
1290.795731224,1790928108.9673612,143500,549.9606,301.77374,,,5023
1290.795792245,1790928109.7955132,143588,,,69.0,-40.0,5026
1295.79735329,1790928114.8629394,144141,,,28.0,-51.0,5047
1300.799110619,1790928119.1758435,144600,844.88336,289.45126,,,5069
1305.801273332,1790928123.962934,145115,,,31.0,-50.0,5085
1325.808539608,1790928144.34596,147300,844.8805,294.29846,,,5159
1325.808645007,1790928145.2639704,147400,787.3498,298.41345,,,5163
1335.813012714,1790928156.0822437,148585,,,79.0,-54.0,5201
1345.816668685,1790928165.189955,149591,,,33.0,-54.0,5224
1350.817963916,1790928168.0432463,149900,1097.9104,305.79926,,,5231
1350.818087331,1790928168.543041,149955,,,24.0,-51.0,5235
1360.821857462,1790928177.709528,150954,,,32.0,-52.0,5268
1360.821974535,1790928179.0961006,151110,,,1.0,-50.0,5272
1365.822958003,1790928182.7976627,151520,,,67.0,-50.0,5285
1370.82595277,1790928190.938168,152418,,,54.0,-50.0,5309
1380.828857537,1790928199.001648,153298,,,79.0,-41.0,5328
1380.829101748,1790928201.0710087,153525,,,165.0,-51.0,5336
1390.832683435,1790928208.883886,154373,,,223.0,-31.0,5360
1395.834388455,1790928214.2020824,154961,,,177.0,-45.0,5371
1395.834743034,1790928216.2318444,155176,,,44.0,-53.0,5380
1395.834891219,1790928216.4736876,155200,1298.787,309.5239,,,5383
1400.836827316,1790928219.3167672,155506,,,113.0,-51.0,5390
1400.836910363,1790928221.1516807,155700,1238.2437,326.59595,,,5393
1405.839293582,1790928223.8729346,156000,1385.0933,312.23093,,,5398
1405.839523724,1790928225.6713629,156193,,,25.0,-50.0,5402
1410.841494051,1790928228.5321634,156500,868.6886,328.45486,,,5414
1425.846391104,1790928243.4731035,158135,,,2.0,-50.0,5461
1425.846541406,1790928244.5553336,158254,,,5.0,-50.0,5464
1435.850641208,1790928255.509632,159441,,,39.0,-50.0,5505
1440.853271333,1790928259.5852764,159875,,,43.0,-55.0,5522
1460.859919249,1790928279.4382448,162000,1042.5625,352.01562,,,5572
1475.866648038,1790928294.4279296,163616,,,5.0,-50.0,5614
1475.866701566,1790928295.192534,163700,1147.1565,337.94107,,,5616
1480.867991752,1790928299.663618,164181,,,8.0,-51.0,5624
1485.869621111,1790928302.341482,164550,,,27.0,-50.0,5637
1485.869746711,1790928303.053333,164700,764.35834,356.47354,,,5640
1485.869985861,1790928303.880616,164878,,,11.0,-50.0,5645
1485.870796087,1790928305.5037146,165218,,,4.0,-50.0,5662
1490.872575134,1790928307.6656945,165677,,,13.0,-50.0,5681
1500.875879995,1790928319.953182,168200,1190.8949,353.60748,,,5738
1500.876321456,1790928321.4913445,168500,976.0186,356.1348,,,5747
1505.878180322,1790928324.796646,169200,1766.743,356.58405,,,5765
1505.878495674,1790928325.6236062,169376,,,35.0,-50.0,5770
1505.878587934,1790928325.7421877,169400,1026.8658,350.57184,,,5772
1510.881600832,1790928331.370428,170600,1491.825,360.3376,,,5802
1515.882852741,1790928333.2067995,170990,,,17.0,-50.0,5815
1515.882931759,1790928333.3984344,171030,,,20.0,-50.0,5818
1515.883734941,1790928337.3104618,171862,,,15.0,-50.0,5841
1520.885188431,1790928338.253459,172000,1740.4397,363.6278,,,5847
1525.887652724,1790928345.431793,172900,1471.791,366.16095,,,5867
1525.887841552,1790928345.8920414,172998,,,19.0,-50.0,5870
1535.892177894,1790928354.4388492,174811,,,62.0,-50.0,5930
1545.89780705,1790928365.8056555,177228,,,6.0,-50.0,5986
1545.897911188,1790928367.0772364,177500,1722.1833,370.77594,,,5990
1550.900423425,1790928372.3940487,178633,,,70.0,-51.0,6015
1565.905773757,1790928383.559028,181009,,,18.0,-53.0,6080
1570.908132805,1790928388.7184882,182100,1128.45,399.54727,,,6111
1575.910474588,1790928395.2984052,183500,1201.0497,388.29214,,,6143
1580.912399032,1790928399.061621,184300,1082.5803,404.66833,,,6166
1580.912626367,1790928400.0620952,184512,,,80.0,-51.0,6171
1595.920842826,1790928416.569389,188029,,,78.0,-41.0,6250
1600.922969282,1790928420.235345,188800,1242.535,409.56537,,,6269
1610.926096232,1790928430.8108315,190247,,,10.0,-50.0,6311
1615.927743616,1790928433.4380403,190529,,,129.0,-53.0,6321
1665.948634862,1790928485.1010644,196500,1664.3392,422.11917,,,6497
1670.950314289,1790928489.5948217,197002,,,7.0,-50.0,6512
1670.950413791,1790928491.0861638,197164,,,157.0,-45.0,6515
1685.958674605,1790928504.255295,198594,,,84.0,-51.0,6550
1710.967148696,1790928531.0819721,201552,,,98.0,-54.0,6609
1720.971869136,1790928542.245154,202772,,,45.0,-50.0,6641
1725.976509855,1790928545.3365703,203118,,,26.0,-50.0,6655
1735.980078454,1790928552.478727,203918,,,10.0,-51.0,6675
1745.983849745,1790928565.9475665,205399,,,7.0,-50.0,6706
1745.983879968,1790928565.9654229,205400,1409.4017,449.21985,,,6707
1760.99547384,1790928581.5122976,207100,1707.4479,463.40732,,,6750
1765.997224496,1790928584.0064127,207369,,,101.0,-52.0,6756
1796.012941158,1790928615.6534371,210876,,,34.0,-51.0,6837
1801.01424675,1790928621.231687,211485,,,37.0,-50.0,6847
1816.017848005,1790928633.9698923,212900,1643.78,469.18097,,,6876
1821.019449203,1790928637.5744617,213306,,,20.0,-50.0,6886
1821.01982889,1790928641.930548,213806,,,30.0,-52.0,6898
1836.026720799,1790928656.3908124,215443,,,8.0,-50.0,6928
1846.028644036,1790928666.1658916,216529,,,25.0,-50.0,6946
1851.030373277,1790928670.4318597,217000,1251.2117,495.77594,,,6955
1861.033995563,1790928678.2503355,217898,,,28.0,-50.0,6979
1866.038052809,1790928685.5055356,218700,2161.3113,477.92984,,,7001
1871.042459772,1790928690.6571052,219271,,,111.0,-40.0,7020
1891.046806679,1790928707.051944,221100,929.78284,486.964,,,7059
1896.048096249,1790928714.2681656,221905,,,35.0,-50.0,7079
1921.056486051,1790928740.8264594,224887,,,4.0,-50.0,7155
1921.05659269,1790928742.1600122,225038,,,117.0,-40.0,7159
1926.058726878,1790928745.3555758,225400,1056.721,514.3202,,,7165
1936.064313312,1790928756.85326,226700,1608.536,495.73474,,,7190
1951.0691264,1790928769.2435927,228100,2436.922,508.50403,,,7223
1956.070875246,1790928774.7241452,228705,,,2.0,-50.0,7242
1961.075398796,1790928780.7135134,229370,,,182.0,-30.0,7259
1971.078307391,1790928791.7768679,230586,,,18.0,-50.0,7292
1976.079741798,1790928792.8338757,230700,1196.1438,520.2998,,,7295
1986.082755474,1790928807.1005185,232241,,,16.0,-50.0,7323
1986.0828085,1790928807.4367273,232277,,,5.0,-50.0,7325
1991.085241158,1790928810.4838996,232607,,,116.0,-52.0,7331
2011.091901909,1790928828.9327765,234700,1361.8123,532.21423,,,7381
2021.097103013,1790928841.9248128,236200,2296.0825,515.4455,,,7413
2026.098351522,1790928846.1956732,236700,1329.2964,549.06165,,,7424
2041.104153954,1790928859.3833349,238200,3269.5308,515.26105,,,7464
2046.10626061,1790928866.0000978,238940,,,117.0,-57.0,7485
2046.106316483,1790928866.5426843,239000,2646.6562,541.04095,,,7487
2076.120317258,1790928892.3903964,241900,1442.3007,542.9599,,,7559
2081.122328509,1790928899.5246546,242700,1709.8257,556.6502,,,7575
2091.125596469,1790928910.1365538,243904,,,121.0,-50.0,7596
2091.125659392,1790928911.003465,244000,1168.9188,535.2103,,,7597
2096.130200954,1790928914.2895033,244369,,,176.0,-47.0,7603
2096.130606651,1790928916.9275315,244669,,,1.0,-50.0,7615
2111.13658081,1790928932.4476311,246400,1722.6841,552.92615,,,7655
2121.139767273,1790928938.7485857,247100,1148.8779,555.85474,,,7673
2121.139968141,1790928941.2378016,247378,,,29.0,-52.0,7683
2126.141509304,1790928944.9602182,247795,,,3.0,-50.0,7696
2131.144121387,1790928948.530397,248200,2862.7559,529.3423,,,7703
2131.1442021,1790928948.5622551,248204,,,1.0,-50.0,7705
2131.14459049,1790928950.819375,248454,,,4.0,-50.0,7713
2136.145309179,1790928952.1155307,248600,1323.8362,561.7786,,,7717
2136.145457635,1790928953.8886118,248800,2650.5894,563.55743,,,7719
2146.150043005,1790928963.4594748,249900,1306.1174,565.94507,,,7738
2146.150187,1790928965.5740035,250142,,,70.0,-50.0,7742
2151.151379755,1790928972.3671815,250900,1720.7466,566.11383,,,7759
2156.152792728,1790928977.6505666,251500,1758.0557,569.3181,,,7769
2166.155844853,1790928986.4387705,252500,1189.6069,562.4238,,,7788
2171.15697159,1790928990.2075438,252931,,,46.0,-51.0,7801
2176.158772612,1790928993.5434682,253308,,,53.0,-50.0,7807
2191.164636417,1790929010.420802,255192,,,16.0,-50.0,7859
2196.167250094,1790929013.2574756,255506,,,40.0,-50.0,7872
2201.169341086,1790929018.6408947,256100,1361.8389,581.44666,,,7893
2206.170543408,1790929022.861084,256574,,,170.0,-48.0,7905
2221.176243959,1790929040.450115,258524,,,290.0,-54.0,7955
2236.183079538,1790929055.1490517,260194,,,28.0,-50.0,7994
2236.183128926,1790929056.9468887,260400,2650.5222,573.5321,,,7997
2241.183805269,1790929057.829957,260500,2159.338,592.0825,,,7999
2286.200849467,1790929105.0437396,265800,3218.9893,604.23456,,,8115
2296.204577751,1790929113.3436608,266721,,,144.0,-50.0,8131
2301.207094838,1790929121.8408885,267700,2694.5117,598.9103,,,8154
2311.210759255,1790929130.7923691,268700,1870.9785,593.54706,,,8174
2311.210859458,1790929131.6872633,268800,2231.016,600.6459,,,8176
2321.21527296,1790929141.4067774,270435,,,223.0,-61.0,8213
2331.218756113,1790929149.9995544,271579,,,144.0,-40.0,8242
2331.21878705,1790929150.1379395,271594,,,15.0,-50.0,8243
2341.223170693,1790929158.7638626,272559,,,27.0,-50.0,8268
2341.223418144,1790929160.5674412,272759,,,145.0,-47.0,8272
2351.230018075,1790929169.0761828,273717,,,1.0,-50.0,8294
2356.23195161,1790929176.5052583,274547,,,15.0,-50.0,8325
2361.233586367,1790929181.3622737,275100,3781.5195,603.3221,,,8335
2366.235026857,1790929185.8053024,275600,2679.301,626.42346,,,8342
2376.237533483,1790929194.1911566,276548,,,71.0,-51.0,8359
2381.240562475,1790929199.1086836,277100,1612.4294,609.0589,,,8368
2381.240828396,1790929202.0727654,277438,,,8.0,-50.0,8378
2386.242740388,1790929205.2852278,277800,1901.2964,641.6969,,,8389
2386.242848549,1790929206.3727753,277923,,,45.0,-50.0,8392
2396.245532028,1790929217.4706545,279184,,,500.0,0.0,8417
2401.24669002,1790929218.5102856,279300,1929.4775,627.34937,,,8422
2406.248854616,1790929223.971647,279909,,,49.0,-50.0,8440
2406.248995134,1790929225.7967813,280115,,,91.0,-52.0,8445
2411.25138088,1790929228.9175298,280467,,,140.0,-44.0,8453
2426.257279378,1790929246.9532244,282508,,,155.0,-50.0,8499
2431.258925542,1790929249.5430682,282800,3052.9844,614.9902,,,8505
2446.266198361,1790929264.640086,284500,2595.4858,632.69556,,,8551
2451.268023953,1790929272.6595519,285400,1838.437,652.1321,,,8572
2456.269314309,1790929274.3371022,285584,,,24.0,-50.0,8576
2461.271485998,1790929282.568303,286500,2681.7725,627.74506,,,8596
2476.279854206,1790929294.0379574,287770,,,27.0,-50.0,8628
2491.284378088,1790929307.7004948,289300,1904.0569,653.27026,,,8659
2501.287933674,1790929321.1836119,290800,2941.6113,677.5785,,,8691
2516.293516587,1790929336.4972908,292500,4876.753,669.4211,,,8729
2521.294721963,1790929337.743757,292639,,,302.0,-43.0,8731
2531.29885638,1790929349.8647954,293977,,,14.0,-50.0,8759
2541.301262755,1790929359.613907,295054,,,271.0,-40.0,8780
2551.304555605,1790929370.359782,296248,,,60.0,-51.0,8805
2581.317819907,1790929399.1297894,299500,2134.3208,670.8152,,,8861
2586.319434647,1790929406.2924771,300334,,,33.0,-50.0,8879
2601.323880759,1790929418.1577852,301700,3393.141,703.97205,,,8903
2606.325660849,1790929422.4943523,302200,3848.0312,692.64136,,,8917
2611.326829787,1790929428.5025144,302900,2048.9673,700.21515,,,8925
2611.327030301,1790929431.0784354,303200,2025.4723,684.2459,,,8932
2611.327084701,1790929431.327074,303229,,,6.0,-50.0,8934
2616.329364354,1790929433.6232548,303491,,,1.0,-50.0,8943
2621.33182501,1790929441.128373,304350,,,287.0,-42.0,8966
2626.33311921,1790929443.3042743,304600,3057.4814,698.0497,,,8969
2646.340513892,1790929466.9367309,307300,3209.7812,696.886,,,9025
2651.342028674,1790929470.2142239,307685,,,448.0,-59.0,9029
2651.342188574,1790929471.2166889,307800,2016.5278,733.05383,,,9034
2661.345435577,1790929479.1500423,308709,,,101.0,-52.0,9054
2666.346575447,1790929485.7895632,309485,,,39.0,-52.0,9070
2671.347135003,1790929487.6385565,309700,2407.303,708.59247,,,9073
2671.347262124,1790929488.5888858,309807,,,62.0,-55.0,9076
2686.352065027,1790929503.864622,311588,,,58.0,-50.0,9114
2686.352289713,1790929506.5545847,311900,3077.527,714.8081,,,9122
2696.355519167,1790929515.8160772,312946,,,17.0,-50.0,9142
2701.357090358,1790929520.6069968,313482,,,84.0,-60.0,9150
2706.35845716,1790929526.0928152,314100,2369.299,728.54517,,,9162
2706.358484933,1790929526.6423814,314164,,,78.0,-40.0,9163
2706.358541484,1790929527.311714,314241,,,77.0,-44.0,9165
2721.363144476,1790929540.9919128,315800,2464.772,738.7484,,,9193
2726.364474477,1790929546.3861856,316400,2281.696,738.73663,,,9208
2746.370652461,1790929564.0925345,318376,,,62.0,-50.0,9249
2761.375623269,1790929578.5542479,320000,2807.1016,748.4737,,,9280
2761.376087489,1790929581.2265248,320308,,,6.0,-50.0,9291
2786.382803164,1790929605.3539906,323000,3241.1145,771.8372,,,9335
2786.382989708,1790929607.0841014,323200,4012.8423,757.1621,,,9338
2786.383022655,1790929607.1383216,323207,,,83.0,-51.0,9339
2806.389782867,1790929624.5615408,325212,,,71.0,-54.0,9386
2806.389810527,1790929625.3161402,325300,2405.769,766.0664,,,9387
2821.39433627,1790929640.896116,327100,2500.5366,763.3391,,,9420
2826.396153795,1790929644.949781,327584,,,48.0,-50.0,9426
2826.396286763,1790929647.3349543,327860,,,190.0,-45.0,9431
2836.399252512,1790929654.5953572,328700,5055.0938,771.72675,,,9444
2856.406532229,1790929672.9189553,330967,,,113.0,-50.0,9503
2856.40673765,1790929675.738265,331292,,,184.0,-44.0,9509
2856.406853177,1790929677.0175414,331439,,,18.0,-51.0,9513
2861.408486083,1790929679.1246655,331683,,,244.0,-41.0,9516
2866.413436848,1790929685.299605,332400,3378.4656,788.2771,,,9534
2886.419483802,1790929704.2155719,334600,4768.8633,779.2683,,,9571
2891.421519292,1790929712.5774305,335574,,,45.0,-51.0,9592
2896.423036186,1790929714.5235002,335800,3970.5435,768.41864,,,9600
2896.423438409,1790929717.1581454,336100,2872.8071,777.11304,,,9609
2916.434580306,1790929733.4495347,337935,,,500.0,8.0,9646
2921.436370648,1790929738.5512738,338500,4097.1396,794.4546,,,9655
2921.436506729,1790929740.4043381,338700,2117.8105,815.8096,,,9658
2921.436712384,1790929742.4138603,338917,,,28.0,-50.0,9662
2926.438270015,1790929745.9850752,339308,,,183.0,-41.0,9670
2926.438295086,1790929746.2247453,339333,,,25.0,-50.0,9671
2951.449549601,1790929768.2237668,341700,2403.807,804.75073,,,9712
2956.451481614,1790929776.56848,342600,1637.2673,822.56934,,,9728
2976.457726625,1790929796.0236254,344700,3659.1343,806.3095,,,9761
2991.464754965,1790929811.5975628,346400,3262.6123,796.2826,,,9792
2991.464808476,1790929812.307515,346481,,,131.0,-48.0,9793
2996.467001533,1790929816.2926755,346910,,,6.0,-50.0,9806
3021.475263173,1790929840.3934057,349514,,,500.0,0.0,9849
3041.481503147,1790929858.7604234,351500,2663.6638,829.4573,,,9885
3076.495145462,1790929896.9065998,355600,2591.1655,847.5812,,,9949
3086.497210665,1790929903.4288049,356300,2988.8752,848.9231,,,9962
3086.497454573,1790929907.1408153,356700,6015.6084,863.2331,,,9969
3111.504329401,1790929928.354384,358967,,,35.0,-50.0,10004
3126.508668821,1790929945.2951345,360800,4302.5,860.6035,,,10039
3131.510046849,1790929948.0572708,361100,2436.3057,861.3707,,,10044
3141.51324974,1790929959.1903613,362331,,,500.0,20.0,10066
3141.51334247,1790929960.6715465,362500,3082.5647,826.6156,,,10069
3156.517983779,1790929976.5607028,364318,,,139.0,-56.0,10103
3161.519800212,1790929981.3326762,364864,,,246.0,-53.0,10113
3166.521685233,1790929983.9097154,365157,,,52.0,-52.0,10121
3166.521898731,1790929986.096883,365400,3640.6572,843.09875,,,10129
3166.52204586,1790929987.7362058,365589,,,146.0,-59.0,10134
3181.525101931,1790929997.486163,366700,3371.969,870.6739,,,10154
3201.533721969,1790930019.5345073,369200,3251.1475,878.3361,,,10201
3201.533916278,1790930022.9357798,369595,,,478.0,-66.0,10205
3211.537497942,1790930029.0944002,370300,2085.4297,895.41907,,,10218
3226.542942013,1790930047.4200675,372400,2611.5781,880.0488,,,10262
3241.548031263,1790930061.446942,374000,2891.0696,879.57056,,,10291
3246.549713696,1790930063.2680492,374200,3487.1377,888.9912,,,10293
3246.549743154,1790930064.1788657,374300,3979.6714,876.90015,,,10294
3281.562456192,1790930098.916998,378200,2940.6033,919.96375,,,10359
3311.572086072,1790930128.4519641,381494,,,253.0,-51.0,10410
3311.572135877,1790930128.5155315,381500,5042.5083,911.0933,,,10411
3311.572435482,1790930131.711278,381852,,,172.0,-41.0,10417
3326.576804721,1790930145.9182851,383411,,,426.0,-58.0,10447
3326.576833888,1790930146.4674785,383474,,,63.0,-51.0,10448
3331.57884708,1790930152.235589,384100,3060.3037,872.7461,,,10460
3336.57972288,1790930154.062911,384300,7057.8604,914.2351,,,10463
3351.58648222,1790930169.4453692,385990,,,55.0,-40.0,10491
3356.587739686,1790930175.7950473,386700,3417.9758,917.77026,,,10506
3371.592192185,1790930189.6410336,388200,4183.0366,921.3085,,,10535
3371.592366906,1790930192.4035318,388500,3400.3745,918.5354,,,10541
3376.592994727,1790930193.1701822,388587,,,22.0,-50.0,10543
3381.594952295,1790930200.5047,389400,5851.7734,940.6063,,,10560
3401.60134518,1790930220.4332793,391600,2875.0605,914.098,,,10600
3406.603102592,1790930224.9870641,392100,3050.5923,950.0463,,,10610
3411.604370225,1790930228.6597002,392500,3635.5042,944.8814,,,10616
3411.604469819,1790930230.4097247,392700,5324.5625,931.6918,,,10619
3416.606535807,1790930235.2444925,393240,,,76.0,-50.0,10631
3416.606737373,1790930237.1318364,393455,,,19.0,-40.0,10635
3421.608260509,1790930238.4236252,393600,4237.5107,937.0857,,,10638
3441.615609972,1790930259.929998,396000,4675.131,931.7827,,,10680
3441.615640919,1790930260.8041935,396100,2704.9287,965.41174,,,10681
3446.617266609,1790930263.4510722,396400,3913.9028,961.2541,,,10686
3451.618978053,1790930272.283304,397400,5751.074,966.8292,,,10702
3456.620314929,1790930274.9234939,397700,4705.4297,921.8363,,,10710
3456.620429354,1790930276.8491938,397917,,,12.0,-50.0,10714
3466.623208459,1790930283.0087821,398600,4448.9478,957.5008,,,10725
3466.623332414,1790930284.8910556,398806,,,235.0,-40.0,10728
3471.625657134,1790930288.1889155,399164,,,76.0,-50.0,10738
3471.626071727,1790930290.339742,399400,4268.2627,931.5514,,,10744
3506.638270861,1790930327.026337,403489,,,199.0,-32.0,10814
3511.639701081,1790930329.8357987,403800,3412.7007,980.1884,,,10818
3511.639785215,1790930330.1612585,403838,,,15.0,-50.0,10821
3531.646386922,1790930348.3972974,405900,4059.8872,962.0237,,,10851
3531.646476773,1790930350.0577543,406087,,,14.0,-50.0,10854
3556.657098998,1790930373.9481063,408768,,,500.0,0.0,10890
3561.658535439,1790930382.6760552,409758,,,8.0,-50.0,10909
3566.660077063,1790930387.5145266,410318,,,14.0,-50.0,10922
3576.663021223,1790930395.981052,411286,,,79.0,-52.0,10939
3601.671227512,1790930418.9941263,413900,4190.5527,1001.8396,,,10980
3601.671259052,1790930419.0565774,413908,,,202.0,-45.0,10981
3611.674127664,1790930429.5173047,415100,5865.48,976.66003,,,11007
3616.675214272,1790930433.8981247,415600,5354.7397,1022.7085,,,11015
3621.677172188,1790930439.026389,416200,4533.741,1008.8249,,,11025
3646.685404202,1790930465.4117203,419200,2439.8923,1007.7696,,,11076
3646.685465862,1790930467.06654,419390,,,497.0,-42.0,11078
3646.685494349,1790930467.1632,419400,3027.2441,1010.1933,,,11079
3651.687152478,1790930470.6967525,419806,,,19.0,-50.0,11086
3651.687207878,1790930472.3878953,420000,3587.345,981.181,,,11088
3671.694130558,1790930488.927897,421900,3176.8677,1038.3066,,,11114
3681.697987215,1790930499.4187353,423100,4265.991,1013.52075,,,11134
3711.708235587,1790930531.0893886,426700,4076.5977,1024.1648,,,11195
3716.710305593,1790930537.2415621,427400,8275.26,1027.8892,,,11207
3726.714214254,1790930543.358234,428100,3279.8281,1030.6077,,,11215
3736.717406314,1790930554.1580153,429300,5698.17,1024.5431,,,11234
3741.718489077,1790930558.7078185,429800,3821.5366,1040.9604,,,11243
3746.72043696,1790930565.8781543,430600,4372.9766,1014.3213,,,11256
3751.721756954,1790930569.3283172,431000,5420.927,1021.3291,,,11264
3756.723399184,1790930577.1376257,431900,5251.5234,1016.1092,,,11278
3761.727036937,1790930580.6373644,432300,5376.423,1030.8021,,,11284
3766.727962751,1790930584.141104,432700,6936.8984,1032.188,,,11293
3771.729772713,1790930592.9742448,433707,,,87.0,-41.0,11314
3791.736284738,1790930610.6652296,435700,3553.1436,1037.2109,,,11346
3796.738164198,1790930614.9967098,436200,6738.632,1041.8684,,,11353
3796.738304759,1790930616.72582,436400,3565.3713,1052.9513,,,11358
3796.73833188,1790930616.7795167,436407,,,18.0,-50.0,11359
3806.742530077,1790930625.8226068,437455,,,179.0,-50.0,11378
3826.748714566,1790930644.3497028,439583,,,144.0,-40.0,11415
3826.74874748,1790930644.507162,439600,4938.964,1052.8037,,,11416
3826.748867954,1790930647.5352547,439952,,,369.0,-40.0,11420
3836.751660065,1790930654.073325,440700,5772.3486,1033.5568,,,11434
3861.75824963,1790930677.913449,443437,,,351.0,-45.0,11474
3861.758409088,1790930680.3668585,443721,,,284.0,-41.0,11478
3871.76197602,1790930689.7652004,444800,4906.672,1053.4541,,,11494
3876.763023269,1790930693.249127,445200,4192.4395,1036.8662,,,11501
3876.763209177,1790930695.863209,445500,2722.4592,1062.0292,,,11506
3881.765024811,1790930700.248264,446000,4084.1943,1051.4943,,,11514
3881.765050852,1790930700.8989282,446074,,,127.0,-41.0,11515
3886.770946287,1790930703.6757894,446400,3741.123,1063.3329,,,11520
3886.771093156,1790930706.331298,446701,,,98.0,-50.0,11525
3891.772145501,1790930709.0072458,447000,4784.253,1082.0211,,,11529
3896.773656859,1790930715.178794,447700,6799.903,1072.4429,,,11540
3896.773685919,1790930715.9453733,447788,,,178.0,-54.0,11541
3921.782544828,1790930743.157894,450800,2871.6963,1086.7222,,,11585
3926.784305869,1790930747.5063663,451308,,,500.0,6.0,11592
3931.785241091,1790930748.8912733,451468,,,160.0,-50.0,11594
3936.786558039,1790930753.5353537,452000,5134.5786,1078.5867,,,11602
3956.792710383,1790930775.2594848,454473,,,213.0,-42.0,11638
3961.794747056,1790930779.0201423,454900,4732.5645,1078.5149,,,11645
3966.799167662,1790930785.7011933,455650,,,32.0,-50.0,11658
3991.806235989,1790930807.8283687,458200,4318.6855,1091.4897,,,11694
4021.814309395,1790930839.590199,461800,2700.9463,1098.4229,,,11749
4046.821363286,1790930865.8878438,464800,2821.9048,1111.8936,,,11790
4081.830924226,1790930899.482157,468646,,,500.0,7.0,11842
4086.83241297,1790930903.4210284,469100,2578.927,1133.2324,,,11850
4096.83599922,1790930914.7652128,470400,4511.215,1114.7369,,,11872
4106.839450015,1790930924.3238995,471482,,,274.0,-45.0,11889
4111.840950394,1790930927.9788566,471900,6057.242,1134.9836,,,11895
4111.841067795,1790930929.2994382,472052,,,51.0,-50.0,11898
4141.851362289,1790930958.4188585,475400,3899.277,1122.1361,,,11946
4141.857869044,1790930962.7047796,475900,6367.152,1131.7844,,,11952
4166.859345926,1790930983.8393316,478300,7517.7065,1098.3179,,,11988
4176.861987226,1790930995.988083,479700,3920.5894,1138.077,,,12010
4186.865372208,1790931005.4659154,480800,7077.0986,1136.2792,,,12026
4191.867681309,1790931012.7844815,481632,,,80.0,-50.0,12038
4221.876303692,1790931038.0771182,484500,4270.47,1165.6041,,,12077
4221.876459503,1790931040.6523504,484800,6351.986,1172.9958,,,12081
4221.876530704,1790931041.6208248,484914,,,184.0,-41.0,12083
4236.883877446,1790931053.3565588,486236,,,114.0,-43.0,12100
4236.884094805,1790931057.5172327,486700,8099.086,1155.7396,,,12105
4251.889005452,1790931069.1744037,488000,4731.668,1160.5067,,,12122
4261.89193783,1790931083.0660493,489566,,,312.0,-40.0,12142
4266.892948307,1790931086.0407553,489900,7833.7485,1162.9534,,,12149
4291.902011565,1790931108.8567033,492500,4191.0986,1182.7368,,,12185
4296.903339157,1790931118.239528,493584,,,500.0,0.0,12198
4326.914861541,1790931147.0862427,496900,3630.0793,1184.4875,,,12239
4326.914887481,1790931147.9555528,497000,7161.7305,1184.0458,,,12240
4341.91921574,1790931160.2415805,498400,7323.7207,1185.1604,,,12259
4351.922660489,1790931169.9174433,499500,9419.527,1209.56,,,12276
4356.924499326,1790931174.262372,500000,4226.716,1196.2537,,,12282
4386.933230114,1790931204.366898,503500,3043.5315,1225.739,,,12330
4396.93610057,1790931216.0323455,504858,,,120.0,-51.0,12347
4416.942336821,1790931236.032546,507200,5803.646,1223.8109,,,12376
4421.943704558,1790931239.4669814,507600,4745.292,1215.8662,,,12381
4461.957761155,1790931279.9316072,512300,2366.1763,1250.2513,,,12447
4471.960776315,1790931290.1737766,513474,,,500.0,-2.0,12462
4481.963791647,1790931302.5866942,514900,2254.9026,1265.3884,,,12482
4516.974425353,1790931336.0834153,518735,,,252.0,-50.0,12532
4536.980217457,1790931355.0154533,520900,2316.606,1249.5126,,,12562
4561.988210724,1790931382.5808277,524000,3411.336,1288.6802,,,12601
4596.999693943,1790931414.7344112,527600,7464.6094,1229.044,,,12648
4596.99973309,1790931415.6319733,527700,6000.9434,1284.9661,,,12649
4612.00309035,1790931431.653202,529500,4463.801,1236.316,,,12671
4642.013378304,1790931458.73896,532601,,,500.0,0.0,12710
4652.015515091,1790931471.917016,534100,5120.576,1290.9789,,,12732
4667.019009152,1790931484.0741596,535477,,,358.0,-42.0,12750
4677.022064633,1790931495.8847983,536800,9447.254,1260.4054,,,12768
4697.030027606,1790931513.6134386,538800,5715.776,1298.0491,,,12797
4702.031944213,1790931518.9866173,539400,4834.228,1295.0441,,,12807
4712.035228556,1790931533.282688,541085,,,500.0,7.0,12827
4727.039337042,1790931544.4790719,542400,4905.713,1257.823,,,12847
4732.040511209,1790931552.1532207,543300,3995.1824,1303.3038,,,12861
4742.042413472,1790931559.7876582,544200,4754.3384,1303.607,,,12872
4742.042526153,1790931562.3424947,544500,6348.1494,1296.0096,,,12876
4757.046696084,1790931574.4220169,545928,,,347.0,-45.0,12897
4787.055333953,1790931605.692091,549497,,,500.0,0.0,12942
4797.058444465,1790931616.4141095,550700,4937.493,1345.2002,,,12960
4827.067792271,1790931645.5380635,553900,12291.136,1306.9373,,,13003
4827.067850218,1790931646.7272983,554033,,,500.0,7.0,13005
4857.07544357,1790931677.2346394,557400,5875.828,1313.5303,,,13050
4877.083059454,1790931696.185577,559477,,,104.0,-40.0,13077
4882.084302058,1790931699.1205134,559800,7217.7427,1296.8457,,,13082
4892.087138432,1790931710.066393,561000,6011.7817,1300.594,,,13097
4912.09268439,1790931727.9412427,563000,5699.767,1331.3655,,,13122
4912.092821888,1790931729.751244,563200,6282.061,1328.2539,,,13124
4912.092869012,1790931730.6380317,563300,5202.6343,1326.1895,,,13125
4957.106884345,1790931776.8057797,568400,5314.0293,1379.3792,,,13192
4957.10691185,1790931776.8526044,568406,,,204.0,-45.0,13193
4972.110954813,1790931791.1954792,570000,4241.551,1358.4567,,,13213
4987.11522931,1790931803.8230526,571414,,,275.0,-46.0,13231
5002.119937885,1790931822.592925,573500,3995.8071,1346.4318,,,13256
5012.1224467,1790931831.2447586,574500,4278.884,1351.4529,,,13269
5017.123743411,1790931837.1875648,575196,,,500.0,-2.0,13277
5022.124746814,1790931838.9477632,575400,7134.35,1370.4008,,,13280
5022.124917169,1790931841.5318983,575700,6306.323,1369.2886,,,13284
5032.128223857,1790931848.4507353,576500,4536.6416,1356.42,,,13294
5082.144300445,1790931902.1519547,582500,4320.169,1387.2571,,,13371
5087.146712492,1790931904.7394657,582800,4765.5996,1383.3031,,,13374
5097.150342864,1790931913.8958907,583809,,,500.0,0.0,13391
5097.150494422,1790931917.4666178,584200,4598.4717,1407.1571,,,13396
5107.15281287,1790931922.9439142,584800,5855.4326,1404.7593,,,13405
5117.155606152,1790931935.6862364,586200,4756.218,1383.0404,,,13422
5122.156996404,1790931942.6449394,586964,,,56.0,-50.0,13432
5127.157882223,1790931946.6168747,587400,5583.071,1413.862,,,13437
5132.160937487,1790931951.1721058,587900,5805.7344,1403.0364,,,13443
5137.162105732,1790931956.20739,588453,,,91.0,-30.0,13452
5142.162890576,1790931959.3538525,588800,4794.5947,1377.8562,,,13456
5147.164899466,1790931967.4212286,589700,4558.225,1403.3712,,,13468
5162.169185747,1790931980.0461314,591100,6369.467,1396.4929,,,13488
5182.17571578,1790932001.5827274,593500,6459.2036,1413.374,,,13517
5187.177325137,1790932005.1766045,593900,5762.13,1446.4523,,,13523
5192.178521397,1790932011.4939291,594600,4840.399,1413.4388,,,13532
5192.178547205,1790932011.71081,594625,,,48.0,-50.0,13533
5212.183833405,1790932029.4787083,596600,4258.3643,1440.4362,,,13558
5222.187657591,1790932041.1621528,597900,3117.7534,1414.4077,,,13574
5227.188714213,1790932045.6023827,598393,,,266.0,-53.0,13581
5232.190326885,1790932048.234575,598700,8472.318,1399.7913,,,13585
5262.198472663,1790932080.1349962,602300,5715.4443,1419.606,,,13632
5302.210998018,1790932121.0940552,606895,,,500.0,6.0,13690
5332.222049902,1790932149.2755768,610036,,,18.0,-50.0,13732
5347.227336072,1790932166.9541914,612100,3647.538,1448.3951,,,13758
5362.233914923,1790932179.0284169,613500,4312.248,1441.1025,,,13776
5367.235090437,1790932184.2039015,614100,5881.48,1447.5358,,,13785
5372.236264625,1790932191.2876513,614900,9933.191,1436.5947,,,13794
5372.236307756,1790932192.1663826,615000,6356.178,1420.0812,,,13795
5382.238640432,1790932198.1722987,615700,6774.224,1384.8628,,,13804
5387.240083599,1790932204.9804,616500,5451.878,1472.5085,,,13814
5402.246471858,1790932221.8964381,618400,4276.76,1454.3572,,,13840
5412.250032408,1790932228.1954436,619100,3627.378,1460.4492,,,13848
5422.25382781,1790932240.2065625,620456,,,136.0,-40.0,13866
5422.253920287,1790932241.5003853,620600,4398.1836,1444.7438,,,13868
5432.257180608,1790932249.5781362,621500,4898.8726,1467.7852,,,13880
5442.260820623,1790932260.3574886,622700,5710.362,1446.2599,,,13897
5457.264527985,1790932273.818358,624200,6853.5273,1437.4624,,,13917
5462.266012383,1790932278.3058832,624700,12214.738,1451.5448,,,13923
5462.266263783,1790932282.7785575,625200,6154.997,1450.9503,,,13929
5467.267762867,1790932284.602223,625400,3093.188,1457.927,,,13933
5507.27901725,1790932326.7210217,630122,,,13.0,-52.0,13995
5512.280340155,1790932330.1367314,630500,9541.995,1473.9911,,,14000
5522.28278858,1790932339.0453324,631499,,,500.0,9.0,14011
5527.28472153,1790932347.9107344,632500,6029.0,1460.4004,,,14026
5532.286090312,1790932349.6376307,632700,4953.987,1494.5845,,,14028
5537.287844506,1790932356.5998576,633500,4150.482,1524.9503,,,14038
5547.29013225,1790932364.689323,634400,8062.835,1455.1718,,,14049
5562.294296054,1790932379.8828247,636100,6787.483,1482.2844,,,14071
5572.296525568,1790932392.3490663,637500,5192.7925,1509.3726,,,14088
5582.300735937,1790932401.7783828,638600,6886.995,1485.6663,,,14101
5592.303585297,1790932411.5839803,639700,9052.281,1459.7854,,,14115
5597.304677152,1790932415.898364,640200,4586.188,1522.5444,,,14121
5602.3063791,1790932422.776958,641000,8311.366,1505.4741,,,14131
5607.308017325,1790932425.3859198,641300,4502.62,1532.8438,,,14135
5637.316470281,1790932453.2917862,644500,7532.9375,1487.7969,,,14181
5637.316529114,1790932454.193904,644600,7368.3945,1511.3265,,,14182
5667.326330081,1790932485.6237645,648100,6183.6396,1495.2444,,,14226
5672.328774506,1790932489.199111,648500,3353.846,1538.968,,,14231
5672.328808553,1790932490.0871873,648600,4671.125,1543.9219,,,14232
5672.328896708,1790932491.8102026,648800,3578.083,1527.4369,,,14235
5677.330669352,1790932495.2261105,649200,4778.301,1529.1204,,,14240
5702.338034742,1790932519.3357227,651900,6418.497,1495.4905,,,14276
5707.339748957,1790932526.5271897,652700,4695.675,1532.9834,,,14286
5712.341225181,1790932530.119438,653100,7344.7305,1518.3851,,,14290
5722.34455414,1790932539.1361005,654100,5514.991,1528.5913,,,14302
5727.346180684,1790932546.2353876,654900,4142.1577,1487.8464,,,14313
5732.347787411,1790932551.4085655,655500,4454.783,1539.9492,,,14320
5747.352670445,1790932564.7757363,657017,,,156.0,-46.0,14340
5747.352891621,1790932568.9393437,657491,,,137.0,-33.0,14347
5777.362141331,1790932594.9266818,660500,12975.3545,1532.7222,,,14389
5792.367415516,1790932608.2862413,662000,5255.945,1553.3802,,,14409
5807.373119874,1790932623.9281838,663738,,,500.0,7.0,14430
5807.373178295,1790932624.4987402,663800,6226.589,1545.5317,,,14431
5812.374239188,1790932632.310352,664700,5029.564,1586.0925,,,14444
5817.375885208,1790932636.4159484,665175,,,500.0,10.0,14449
5822.377402828,1790932640.7134433,665675,,,500.0,6.0,14455
5827.378253315,1790932646.6992369,666368,,,312.0,-50.0,14466
5827.378341018,1790932648.7173424,666600,8210.301,1573.8284,,,14469
5842.382442227,1790932660.8013945,667953,,,500.0,8.0,14487
5847.384241231,1790932666.4122846,668600,5102.133,1616.2938,,,14495
5862.388400962,1790932678.8373518,670000,7198.453,1560.4902,,,14514
5872.391026159,1790932691.7234666,671500,7489.3994,1554.9358,,,14532
5877.391794145,1790932693.3807516,671700,5975.1943,1585.8926,,,14535
5877.392012715,1790932696.8241508,672100,9625.623,1570.8073,,,14540
5897.399047289,1790932716.6410005,674400,7424.501,1602.1874,,,14569
5897.399072291,1790932717.511592,674500,4681.6494,1592.324,,,14570
5912.403241747,1790932729.7353745,675900,6925.9014,1586.0063,,,14589
5937.41227197,1790932758.2808764,679332,,,50.0,-40.0,14637
5952.417232121,1790932772.8020651,682100,5241.8926,1610.3943,,,14672
5962.420026466,1790932779.05062,683400,6747.655,1605.2927,,,14691
5962.420170022,1790932780.4969144,683700,8632.326,1530.4302,,,14694
5967.421962019,1790932784.8361466,684600,7065.6475,1592.4149,,,14707
5972.424438391,1790932791.5923123,685700,5122.0005,1585.1824,,,14721
5977.426149193,1790932797.6098747,686400,6716.1523,1608.3156,,,14730
5987.428543925,1790932806.2982576,687400,7026.2217,1585.5701,,,14741
6022.440590124,1790932839.6873734,691212,,,64.0,-50.0,14791
6027.442198071,1790932844.9672318,691824,,,500.0,8.0,14799
6027.442280174,1790932846.4882567,692000,8214.193,1613.7607,,,14801
6052.450514657,1790932870.1556203,694731,,,212.0,-50.0,14837
6062.453045725,1790932882.3016472,696104,,,110.0,-40.0,14856
6072.456158039,1790932892.5973666,697300,9188.852,1601.1389,,,14872
6077.457649526,1790932893.4627707,697400,4005.6084,1659.1377,,,14874
6077.457843127,1790932897.7582412,697900,8669.5625,1669.7423,,,14880
6077.457874106,1790932898.429011,698000,8025.1924,1626.2914,,,14881
6092.461451153,1790932910.330953,700447,,,328.0,-42.0,14912
6092.462001901,1790932913.6306164,701133,,,96.0,-51.0,14922
6097.463147122,1790932916.4220078,701715,,,500.0,-9.0,14930
6107.466647568,1790932926.9099016,703900,12851.675,1619.1086,,,14959
6112.468042397,1790932931.2517092,704800,7388.326,1665.927,,,14972
6117.469759657,1790932933.8608952,705129,,,500.0,10.0,14976
6117.469903822,1790932936.11237,705400,5206.465,1620.3718,,,14980
6122.471024584,1790932942.9515193,706800,4648.418,1585.221,,,14998
6142.478101886,1790932958.7336736,709100,3762.9873,1659.227,,,15026
6142.478509125,1790932963.897031,709689,,,6.0,-50.0,15034
6152.481586229,1790932971.6666732,710579,,,390.0,-53.0,15045
6217.502359953,1790933036.3798373,717900,5752.538,1675.7786,,,15143
6227.504795968,1790933044.6125584,718800,11268.994,1670.6965,,,15154
6237.508952558,1790933054.706978,719900,6932.134,1699.4858,,,15168
6242.510650588,1790933058.3889363,720306,,,335.0,-40.0,15174
6242.510893631,1790933061.95714,720700,6355.796,1668.9644,,,15178
6257.515494982,1790933074.156622,722100,4640.149,1688.9999,,,15195
6277.521756214,1790933094.3550189,724400,7413.4297,1689.6489,,,15224
6292.526348574,1790933110.9238605,726300,5307.4917,1722.3628,,,15251
6307.530806379,1790933124.2532294,727815,,,304.0,-31.0,15270
6317.533927092,1790933133.7576315,728900,3713.5488,1715.9518,,,15284
6347.541406447,1790933163.3664834,732300,5349.207,1706.9294,,,15329
6347.541681874,1790933167.7687871,732800,8159.756,1690.258,,,15335
6352.543261372,1790933169.5145934,733000,5378.504,1751.281,,,15339
6352.543377695,1790933172.9443789,733395,,,500.0,-1.0,15343
6357.545171842,1790933178.234084,734000,15342.646,1712.1294,,,15351
6372.549898313,1790933192.1678817,735600,6227.592,1691.8438,,,15372
6382.552717821,1790933201.1490667,736600,7864.8823,1760.2476,,,15385
6387.554211075,1790933206.3863933,737185,,,117.0,-50.0,15393
6397.557075247,1790933218.1671152,738500,5379.3384,1722.9894,,,15410
6432.568069421,1790933249.0851958,741908,,,500.0,-6.0,15455
6432.568240805,1790933252.2019691,742256,,,348.0,-40.0,15459
6442.571191126,1790933260.397132,743200,7276.246,1768.7533,,,15471
6452.573158458,1790933271.181403,744400,7486.9907,1760.6077,,,15488
6467.579454702,1790933287.816725,746300,7934.56,1724.4243,,,15511
6472.580178579,1790933289.541518,746500,6237.454,1738.362,,,15514
6477.581385961,1790933293.8566093,747000,11051.682,1721.2526,,,15520
6477.581576132,1790933296.4450214,747300,8161.8115,1756.2595,,,15525
6497.586793572,1790933317.3198338,749700,4981.2256,1742.6489,,,15554
6502.589278622,1790933319.957638,750000,5981.287,1742.0168,,,15558
6552.603688082,1790933369.492734,755500,5838.3276,1775.9248,,,15631
6567.607825707,1790933388.1621814,757600,5292.7783,1780.727,,,15657
6572.608872435,1790933391.8163111,758000,5733.779,1772.4858,,,15662
6577.610219994,1790933395.405954,758395,,,422.0,-42.0,15666
6577.610376386,1790933397.2688658,758600,6645.9224,1746.7915,,,15669
6582.612122289,1790933399.997708,758900,5428.049,1769.1338,,,15673
6592.614874967,1790933412.11026,760300,6814.283,1748.2019,,,15690
6657.634470873,1790933473.9380107,767200,8576.634,1782.6644,,,15780
6662.635918149,1790933479.035354,767754,,,500.0,10.0,15787
6677.639625817,1790933496.3597872,769700,6980.668,1808.6592,,,15812
6697.646797007,1790933514.7793553,771800,6405.062,1812.0421,,,15840
6702.648107564,1790933520.0166717,772400,4241.0356,1809.7816,,,15847
6717.652856335,1790933534.8533516,774100,8793.952,1807.0444,,,15871
6727.656533263,1790933543.486692,775100,7048.6816,1793.4448,,,15884
6727.656751435,1790933547.7960193,775600,8946.562,1812.1509,,,15889
6747.662410144,1790933567.0704036,777791,,,374.0,-55.0,15914
6802.680246579,1790933619.1378467,783760,,,13.0,-50.0,15993
6802.680309058,1790933619.5012112,783800,10708.609,1870.3074,,,15994
6812.683298148,1790933631.753869,785200,5022.254,1840.3943,,,16012
6822.686515317,1790933639.9048824,786126,,,500.0,-7.0,16023
6827.687893178,1790933644.1633976,786609,,,5.0,-50.0,16031
6847.693759907,1790933664.3564413,788900,7181.974,1861.7385,,,16063
6847.693892799,1790933666.078515,789096,,,130.0,-55.0,16066
6872.702271756,1790933690.1237304,791800,7924.9307,1762.1174,,,16101
6872.702299724,1790933690.6225348,791858,,,500.0,7.0,16102
6872.702386957,1790933692.7654107,792100,7055.908,1841.0164,,,16105
6877.703423999,1790933695.0099015,792358,,,500.0,0.0,16108
6882.705117637,1790933702.3603327,793200,5642.216,1825.5488,,,16118
6912.719609979,1790933728.9053752,796300,5336.1304,1862.9523,,,16161
6927.723470589,1790933744.668548,798100,6259.6797,1869.1582,,,16183
6932.725222115,1790933751.6514544,798900,9734.113,1840.9891,,,16194
6937.726237478,1790933755.0985317,799300,10336.604,1846.7712,,,16198
6952.730549173,1790933770.078279,801036,,,378.0,-50.0,16221
6952.730589088,1790933770.6264195,801100,8181.3555,1884.0121,,,16222
6962.735202342,1790933782.7271538,802500,5393.7266,1902.9453,,,16242
6962.735298142,1790933783.1720963,802551,,,36.0,-50.0,16244
6967.736216255,1790933787.5796196,803051,,,500.0,8.0,16250
6987.741665164,1790933804.3048427,804986,,,500.0,3.0,16274
7012.753714358,1790933830.0719326,807900,9189.715,1857.4932,,,16316
7022.756052944,1790933843.4020855,809400,7048.082,1852.1926,,,16335
7027.75759973,1790933847.7542305,809900,8552.21,1889.072,,,16341
7032.75891093,1790933851.2798524,810300,7312.2695,1862.7773,,,16346
7032.758967078,1790933853.0313137,810499,,,276.0,-54.0,16348
7057.766151293,1790933877.8858445,813300,9248.505,1891.7056,,,16387
7067.769667246,1790933884.9469843,814100,19383.068,1859.8428,,,16400
7067.76995588,1790933889.0527327,814562,,,388.0,-44.0,16406
7072.771393759,1790933892.867035,815000,9945.406,1856.353,,,16412
7107.781329574,1790933924.0358157,818600,16308.079,1898.508,,,16457
7147.79652336,1790933966.0143077,823400,7542.701,1890.0172,,,16520
7157.799094781,1790933974.3076148,824361,,,136.0,-52.0,16533
7162.799970885,1790933980.4014604,825059,,,468.0,-37.0,16542
7192.808431294,1790934013.242607,828800,9034.315,1915.8655,,,16593
7197.809892134,1790934014.54211,828947,,,500.0,0.0,16595
7207.812859722,1790934026.2502725,830300,3573.1626,1964.6968,,,16612
7207.812888747,1790934027.1044993,830400,5688.8843,1952.2693,,,16613
7212.81423769,1790934028.8283145,830600,6134.135,1873.8163,,,16616
7247.827111315,1790934063.8337371,834600,15290.548,1908.7014,,,16669
7247.827212727,1790934065.5948856,834800,6861.4766,1906.7026,,,16672
7272.835034749,1790934092.695921,837900,13115.26,1915.7815,,,16711
7302.845474353,1790934122.3535259,841300,8754.873,1899.5039,,,16756
7307.847531647,1790934128.5354805,842000,9637.1,1966.4846,,,16764
7312.852820514,1790934130.1824644,842185,,,398.0,-41.0,16766
7312.852907053,1790934132.0394394,842400,5904.4497,1934.4688,,,16769
7327.857409519,1790934146.736215,844100,8719.312,1963.626,,,16790
7332.859305816,1790934153.6325588,844900,9620.533,1939.0981,,,16800
7347.862930074,1790934164.8099427,846200,9915.119,1920.0898,,,16817
7347.862960338,1790934165.3378386,846263,,,123.0,-54.0,16818
7377.87089338,1790934195.627018,849700,4754.978,1976.2312,,,16863
7387.87308188,1790934204.509856,850700,3596.4712,1975.826,,,16876
7387.87329621,1790934208.068539,851100,5791.165,1953.9448,,,16881
7432.886129007,1790934249.3745794,855900,5813.105,1927.9309,,,16944
7447.896944078,1790934264.0006177,857522,,,500.0,6.0,16966
7457.899672441,1790934276.3342648,858934,,,158.0,-54.0,16984
7457.899786994,1790934278.6519432,859200,7166.2583,2010.0205,,,16988
7462.900810697,1790934279.5216067,859300,12147.973,1950.5562,,,16989
7477.90525215,1790934294.5691109,861000,11174.007,1971.5857,,,17012
7527.920680416,1790934345.02098,866700,8167.547,1975.3374,,,17090
7532.924567282,1790934353.0359135,867600,9165.107,1970.1833,,,17103
7542.927620394,1790934363.6659045,868800,8596.001,1935.6055,,,17118
7547.928767293,1790934366.3306193,869100,5528.5527,1988.8715,,,17123
7547.928822029,1790934368.106008,869300,6031.6265,1940.3047,,,17125
7552.929894925,1790934370.7835274,869600,7413.2246,2017.4806,,,17130
7567.933837039,1790934387.624892,871500,5657.6616,1979.5955,,,17154
7577.93804113,1790934395.6360195,872400,8861.791,1997.5879,,,17165
7592.9428215,1790934409.9099138,874000,5124.616,1992.0887,,,17186
7597.944688257,1790934417.8887076,874900,12180.62,1978.7012,,,17198
7602.945759109,1790934421.4239528,875300,8049.9043,1974.864,,,17203
7617.950435371,1790934438.937261,877294,,,166.0,-53.0,17228
7622.952071192,1790934440.762792,877500,9403.907,1995.7548,,,17232
7627.953256188,1790934445.1542752,878000,5681.0,1991.3147,,,17238
7627.95334589,1790934446.9093444,878200,7030.703,1994.1285,,,17241
7627.953373942,1790934447.0601408,878218,,,144.0,-54.0,17242
7632.954932033,1790934452.9962406,878899,,,181.0,-43.0,17250
7637.956059401,1790934455.6583028,879200,7537.2456,2007.115,,,17254
7647.95888106,1790934465.9673488,880400,8430.917,2013.2201,,,17271
7652.960318994,1790934471.1096084,881000,8431.656,2034.6775,,,17280
7702.975524238,1790934522.9089067,886900,7473.9463,1996.0507,,,17362
7717.980116625,1790934538.938926,888760,,,324.0,-50.0,17386
7722.981113513,1790934539.2971292,888800,7338.9834,2081.0781,,,17387
7732.983114801,1790934553.2542322,890400,9184.92,2062.291,,,17409
7742.986478536,1790934561.9660401,891400,6523.2754,1951.8813,,,17423
7767.994077246,1790934586.815392,894200,11759.86,2025.285,,,17459
7782.999678529,1790934602.0418613,895900,5400.885,2064.6497,,,17482
7808.006801782,1790934628.9674878,899000,5219.981,2064.2075,,,17524
7828.013171861,1790934647.454147,901100,7983.9736,2049.4028,,,17553
7848.01942726,1790934666.556766,903300,7126.7583,2039.568,,,17580
7853.020840362,1790934670.256208,903700,8765.109,1969.0248,,,17585
7858.022288039,1790934676.3055751,904400,8059.31,2044.6821,,,17594
7858.022346405,1790934677.690944,904562,,,256.0,-40.0,17596
7888.031349145,1790934706.4140542,907800,8842.076,2062.5237,,,17639
7893.033012115,1790934710.9498281,908307,,,500.0,6.0,17646
7893.033136365,1790934713.598192,908600,6985.7275,2069.8496,,,17649
7898.034012981,1790934715.426552,908800,7524.0264,2069.046,,,17651
7913.038260118,1790934731.3291106,910600,6947.0576,2042.0936,,,17675
7923.040645176,1790934743.4870584,912000,14148.289,2086.9475,,,17694
7948.04793161,1790934766.8276136,914700,7095.432,2092.6963,,,17728
7953.04949967,1790934772.1090357,915300,8439.631,2052.8904,,,17736
7963.05303155,1790934782.925694,916500,8942.552,2124.8125,,,17750
7968.054943551,1790934787.9064837,917065,,,500.0,11.0,17757
7968.054971571,1790934788.2216802,917100,11505.859,2022.2627,,,17758
7973.056447049,1790934789.3771963,917230,,,165.0,-50.0,17760
7973.05663536,1790934792.6950455,917600,4864.8105,2105.247,,,17765
7978.058427362,1790934796.2827075,918000,11378.53,2081.7856,,,17770
7978.058484639,1790934798.0065594,918200,7762.721,2009.2788,,,17772
7993.063708466,1790934811.2977655,919700,12611.627,2072.7947,,,17790
7998.06510589,1790934815.8099663,920200,8992.983,2075.5898,,,17796
7998.06518711,1790934817.677449,920409,,,500.0,-3.0,17799
8008.068132068,1790934826.1935458,921387,,,275.0,-53.0,17813
8023.072420451,1790934841.1200805,923100,7693.869,2046.9893,,,17836
8028.075633763,1790934846.4779372,923700,8229.892,2095.8887,,,17845
8033.076993138,1790934853.6861324,924500,7896.644,2053.99,,,17855
8038.078634516,1790934855.5060976,924700,6936.6367,2077.2058,,,17857
8043.079936561,1790934860.9380486,925300,14583.854,2081.322,,,17866
8058.084924548,1790934878.1214588,927200,11761.995,2104.9124,,,17888
8073.089727129,1790934889.8522303,928500,11473.295,2033.4865,,,17907
8098.096814162,1790934915.4007456,931400,10149.667,2077.9302,,,17946
8098.096905583,1790934917.9662445,931700,6188.861,2091.1738,,,17949
8118.102904043,1790934934.541663,933600,6923.714,2102.4446,,,17976
8128.105156118,1790934948.9129448,935200,5379.2607,2120.2717,,,17999
8133.106344643,1790934954.2755966,935799,,,343.0,-44.0,18006
8148.11063245,1790934965.8269758,937100,5369.867,2107.5537,,,18024
8153.112377843,1790934970.2793772,937600,5133.032,2107.6248,,,18030
8173.119705435,1790934988.9224393,939700,6604.918,2093.972,,,18057
8173.119975,1790934994.2663093,940312,,,500.0,16.0,18065
8183.12292339,1790935002.959023,941300,5612.077,2111.7979,,,18077
8193.126297111,1790935010.0897593,942100,16426.121,2076.7383,,,18090
8228.136505169,1790935047.1831913,946300,9304.65,2163.6343,,,18145
8248.141698693,1790935065.3696344,948343,,,500.0,9.0,18173
8273.149105086,1790935088.946246,951000,6869.866,2117.794,,,18207
8273.149398546,1790935092.96628,951451,,,500.0,10.0,18212
8293.154657621,1790935109.312323,953300,6542.6924,2196.7266,,,18237
8308.159708919,1790935127.9761214,955400,10703.805,2158.7527,,,18264
8318.16222414,1790935135.0682733,956200,6291.5303,2162.5706,,,18273
8323.164219437,1790935141.2454038,956900,12324.596,2120.9521,,,18282
8368.176933018,1790935184.6973526,961800,9524.129,2133.3284,,,18344
8368.17709279,1790935187.3561387,962100,8281.805,2184.662,,,18348
8368.177120944,1790935188.2381253,962200,12222.658,2169.6025,,,18349
8408.188729666,1790935224.6358757,966400,5849.9854,2184.3005,,,18406
8408.188940126,1790935228.073946,966800,7491.576,2188.9614,,,18412
8413.190089952,1790935230.6450953,967100,5605.074,2175.5256,,,18415
8428.19463123,1790935247.431641,969063,,,39.0,-50.0,18442
8463.203634767,1790935282.00111,973000,10400.064,2170.7278,,,18495
8483.211205759,1790935302.6413784,975416,,,344.0,-33.0,18528
8513.220342807,1790935330.618257,978700,9636.273,2131.2095,,,18570
8513.220471665,1790935332.3135695,978900,6372.747,2183.9912,,,18573
8618.252737542,1790935435.7498634,990730,,,500.0,20.0,18728
8618.252851903,1790935439.0040421,991100,10769.301,2177.3572,,,18732
8628.25594627,1790935447.0010076,992000,6603.045,2232.3745,,,18744
8633.258165676,1790935454.102605,992800,9939.785,2215.4585,,,18753
8638.259482124,1790935456.7849166,993100,11941.824,2219.9805,,,18758
8653.264744928,1790935471.923293,994800,11240.457,2175.0776,,,18783
8668.270818202,1790935488.8254855,996695,,,500.0,8.0,18806
8678.273269051,1790935497.7929795,997695,,,500.0,7.0,18818
8678.27336616,1790935498.7446394,997800,9696.161,2217.6143,,,18820
8683.274866534,1790935499.6427279,997900,8580.485,2225.6494,,,18821
8683.275152634,1790935502.7680967,998255,,,60.0,-50.0,18826
