_timestamp,train/loss,rollout/ep_rew_mean,rollout/exploration_rate,rollout/ep_len_mean,global_step,_step,_runtime,time/fps,train/learning_rate
1790866831.1964195,0.0008058898,-0.75,0.9973897,395.5,1582.0,0,12.045734808,446,0.0001
1790866834.288464,0.0013021557,0.25,0.9947563,397.25,3178.0,1,17.04787902,479,0.0001
1790866838.4597833,0.00071501755,-1.3333334,0.9912121,443.83334,5326.0,2,17.047953487,492,0.0001
1790866842.112268,0.002366979,-1.4375,0.98811835,450.0625,7201.0,3,22.049931833,498,0.0001
1790866846.6568584,0.0026215648,-1.7,0.984287,476.15,9523.0,4,32.052350575,501,0.0001
1790866852.8877323,0.000118193086,-2.7916667,0.97906643,528.625,12687.0,5,32.052429743,502,0.0001
1790866856.5246413,0.0056095878,-2.5,0.97603375,518.75,14525.0,6,37.056346689,503,0.0001
1790866862.0000162,0.00040450116,-3.5,0.97145003,540.71875,17303.0,7,42.057548784,503,0.0001
1790866866.363429,0.0036562986,-3.3611112,0.9678151,541.8333,19506.0,8,47.058957027,503,0.0001
1790866869.5809715,0.0006041721,-3.2,0.9651289,528.35,21134.0,9,52.060395765,504,0.0001
1790866873.4032836,0.0039186417,-3.25,0.9619362,524.2955,23069.0,10,52.060492991,504,0.0001
1790866877.3967257,0.0004075664,-3.125,0.9586064,522.6458,25087.0,11,57.061621492,504,0.0001
1790866880.4036477,0.0045864233,-2.7692308,0.95610833,511.55768,26601.0,12,62.06401348,504,0.0001
1790866883.5743566,0.015116038,-2.5892856,0.9534634,503.64285,28204.0,13,62.064089181,504,0.0001
1790866887.1804395,0.00094228506,-2.6333334,0.9504653,500.35,30021.0,14,72.067666204,504,0.0001
1790866894.172712,0.0003495136,-3.4375,0.9446722,523.9375,33532.0,15,72.067745848,504,0.0001
1790866897.6503518,0.013757233,-3.3382354,0.9417715,518.9706,35290.0,16,77.070120132,504,0.0001
1790866900.477307,0.005121676,-3.0277777,0.9394186,509.94446,36716.0,17,82.071441511,504,0.0001
1790866902.9567778,0.00041431017,-2.7236843,0.93737423,499.4079,37955.0,18,82.071522079,504,0.0001
1790866907.594268,0.006028179,-2.9375,0.9335446,503.45,40276.0,19,87.073026175,503,0.0001
1790866910.3816953,0.0040080994,-2.7142856,0.9312643,495.92856,41658.0,20,92.074474993,503,0.0001
1790866913.2131593,0.29791003,-2.590909,0.9289345,489.43182,43070.0,21,92.074553838,503,0.0001
1790866916.3014762,0.0012422435,-2.5434783,0.92638195,484.96738,44617.0,22,97.075987475,503,0.0001
1790866920.7529616,0.28713235,-2.6041667,0.9227322,487.8021,46829.0,23,102.076684941,503,0.0001
1790866924.7218869,0.0017634475,-2.63,0.9194915,487.93,48793.0,24,102.076758965,502,0.0001
1790866927.6888058,0.003430775,-2.53,0.9170545,486.88,50270.0,25,107.078001292,502,0.0001
1790866931.4561374,0.005335369,-2.7,0.91396403,489.65,52143.0,26,112.079324608,502,0.0001
1790866935.2806416,0.00064724387,-2.65,0.9108406,487.1,54036.0,27,117.081425883,502,0.0001
1790866938.0597854,0.012074204,-2.53,0.9085851,482.02,55403.0,28,117.082202892,501,0.0001
1790866941.7516654,0.0009068357,-2.52,0.905587,476.97,57220.0,29,122.085085615,501,0.0001
1790866946.4343255,0.0003312836,-2.44,0.90179366,468.32,59519.0,30,127.086164462,501,0.0001
1790866948.8313982,0.0027997869,-2.36,0.8998483,461.73,60698.0,31,127.08625219,500,0.0001
1790866951.7503185,0.31804,-1.85,0.89749044,448.24,62127.0,32,132.087769829,500,0.0001
1790866955.9976964,0.0006837162,-1.92,0.8940667,446.96,64202.0,33,137.089486618,500,0.0001
1790866959.9727108,0.0024909677,-2.05,0.89084756,450.19,66153.0,34,142.090972751,499,0.0001
1790866963.90493,0.00030807615,-2.04,0.8876895,449.98,68067.0,35,142.091059422,499,0.0001
1790866967.3292394,0.002748276,-2.02,0.8849389,446.47,69734.0,36,147.092045841,499,0.0001
1790866970.1739523,0.0037766208,-2.04,0.882652,445.19,71120.0,37,152.093557015,499,0.0001
1790866973.4134192,0.0009843649,-2.03,0.88006973,444.81,72685.0,38,152.093644496,498,0.0001
1790866976.5552728,0.0069946153,-1.85,0.87754524,441.94,74215.0,39,157.094788208,498,0.0001
1790866980.2402503,0.0006020831,-1.36,0.874572,424.85,76017.0,40,157.094907184,498,0.0001
1790866982.4562185,0.0030090201,-1.18,0.87279654,418.03,77093.0,41,162.096296038,498,0.0001
1790866985.9466605,0.0005772533,-1.4,0.87000144,420.71,78787.0,42,167.097169097,497,0.0001
1790866989.8438983,0.0018269704,-1.71,0.8669011,427.11,80666.0,43,167.097256078,497,0.0001
1790866991.9298334,0.0039646854,-1.26,0.8652478,413.92,81668.0,44,172.098299203,497,0.0001
1790866995.4209282,0.0011325169,-1.41,0.8624874,416.83,83341.0,45,177.099903008,496,0.0001
1790866998.9555585,0.0006740843,-1.51,0.8596873,419.68,85038.0,46,177.099984796,496,0.0001
1790867002.1582131,0.0008424264,-1.55,0.8571397,419.65,86582.0,47,182.101118683,496,0.0001
1790867006.171689,0.3169419,-1.54,0.8539668,416.76,88505.0,48,187.102623006,495,0.0001
1790867009.8245618,0.0076321815,-1.49,0.8510892,414.56,90249.0,49,192.103939926,495,0.0001
1790867017.049758,0.005100986,-2.35,0.84541976,434.15,93685.0,50,197.105561509,494,0.0001
1790867020.2772787,0.0005145095,-2.32,0.8428573,430.95,95238.0,51,202.107044358,494,0.0001
1790867026.8930666,0.0005536024,-2.8,0.8376483,443.59,98395.0,52,207.108305316,493,0.0001
1790867031.6953216,0.0024124314,-3.1,0.8339143,452.55,100658.0,53,212.109491454,493,0.0001
1790867037.3704627,0.0012162428,-3.45,0.8294659,461.34,103354.0,54,217.110720082,492,0.0001
1790867041.7297523,0.007882806,-3.53,0.82610154,458.74,105393.0,55,227.113050048,492,0.0001
1790867048.3813531,0.0009658547,-4.22,0.82089084,478.53,108551.0,56,227.113128235,491,0.0001
1790867051.5797775,0.0021852925,-4.39,0.818401,479.33,110060.0,57,237.115010222,491,0.0001
1790867058.2437897,0.29718184,-4.81,0.81320846,490.05,113207.0,58,237.115098229,490,0.0001
1790867060.9291074,0.012790055,-4.53,0.8111063,483.28,114481.0,59,242.116241244,490,0.0001
1790867064.9301558,0.0144614335,-4.6,0.8079763,483.11,116378.0,60,247.11765588,490,0.0001
1790867069.546762,0.004310832,-4.91,0.8043859,488.2,118554.0,61,257.120029341,490,0.0001
1790867078.041326,0.0035475986,-5.68,0.7977991,514.26,122546.0,62,267.12261255,489,0.0001
1790867091.2101128,0.0020849896,-7.01,0.78762025,560.3,128715.0,63,277.124502526,488,0.0001
1790867100.0379093,0.0035019177,-8.01,0.78078926,586.4,132855.0,64,292.128054079,487,0.0001
1790867116.9831014,0.3047435,-10.32,0.76775426,647.38,140755.0,65,297.129364935,486,0.0001
1790867122.3230588,0.000976522,-10.85,0.762994,665.47,143640.0,66,307.131800853,487,0.0001
1790867132.0396147,0.0029131446,-11.63,0.75558054,693.46,148133.0,67,317.134123676,486,0.0001
1790867138.8206213,0.000445949,-12.09,0.75035995,706.31,151297.0,68,327.136151973,486,0.0001
1790867151.993033,0.0007424484,-14.17,0.74034774,756.97,157365.0,69,347.140382217,485,0.0001
1790867169.2054443,0.00086748006,-16.61,0.7273243,819.17,165258.0,70,352.141589589,483,0.0001
1790867176.1700742,0.008278675,-17.3,0.72209877,833.87,168425.0,71,362.143647799,483,0.0001
1790867185.283089,0.0015168794,-18.51,0.715243,859.98,172580.0,72,372.145157923,482,0.0001
1790867196.7219036,0.0015305676,-19.99,0.7066003,893.13,177818.0,73,377.146582438,481,0.0001
1790867202.7392428,0.0014181356,-20.59,0.7020232,903.43,180592.0,74,382.14761318,481,0.0001
1790867207.710571,0.0005967703,-20.35,0.6983008,891.63,182848.0,75,402.150480855,481,0.0001
1790867223.3831964,0.00073641306,-23.12,0.68663037,946.83,189921.0,76,402.150662593,479,0.0001
1790867227.1014934,0.00057313207,-22.78,0.6838369,932.19,191614.0,77,412.152250538,479,0.0001
1790867233.6983285,0.0009244282,-23.3,0.6789001,939.48,194606.0,78,417.153436658,479,0.0001
1790867240.5892136,0.00045716998,-23.66,0.67377025,943.61,197715.0,79,422.156181281,478,0.0001
1790867246.9685743,0.0033856563,-24.04,0.6691238,951.38,200531.0,80,427.157269403,478,0.0001
1790867252.346846,0.0008241103,-23.94,0.6652183,943.47,202898.0,81,432.158581407,477,0.0001
1790867257.176615,0.004265052,-24.29,0.661679,949.83,205043.0,82,437.160162688,477,0.0001
1790867262.0509806,0.00073220854,-24.17,0.6581068,940.01,207208.0,83,442.161116321,477,0.0001
1790867265.2766163,0.00076632464,-24.41,0.6557374,941.63,208644.0,84,452.163460861,476,0.0001
1790867273.596701,0.0065617706,-25.36,0.6496506,959.55,212333.0,85,462.165342132,476,0.0001
1790867285.2856555,0.0031364644,-26.55,0.6411316,989.42,217496.0,86,467.166319524,475,0.0001
1790867292.1601512,0.0011310878,-26.49,0.6361354,979.78,220524.0,87,482.16847507,474,0.0001
1790867303.4085038,0.0010208592,-26.75,0.6280125,967.32,225447.0,88,482.168525843,473,0.0001
1790867307.101742,0.0004775009,-26.08,0.6253411,942.11,227066.0,89,487.169979573,473,0.0001
1790867312.6856139,0.0013112787,-24.1,0.62130356,887.58,229513.0,90,492.171216003,473,0.0001
1790867316.575428,0.0010404775,-23.78,0.61852163,875.59,231199.0,91,507.174249758,472,0.0001
1790867331.389817,0.00044320035,-25.34,0.60794514,894.76,237609.0,92,522.176414922,471,0.0001
1790867346.002674,0.003949395,-26.54,0.5974842,926.52,243949.0,93,537.178583271,470,0.0001
1790867359.9407883,0.001263638,-27.07,0.5875627,925.97,249962.0,94,542.179490599,469,0.0001
1790867365.4649498,0.0011379265,-25.18,0.5836621,870.68,252326.0,95,547.181048496,469,0.0001
1790867369.4636219,0.001746969,-24.71,0.580834,856.15,254040.0,96,552.181660716,468,0.0001
1790867374.819505,0.0013473328,-23.98,0.5770324,837.64,256344.0,97,562.184365891,468,0.0001
1790867383.1083348,0.000287302,-23.42,0.57115346,820.89,259907.0,98,562.184454938,467,0.0001
1790867386.9918911,0.015052545,-23.05,0.5684475,809.55,261547.0,99,582.188365678,467,0.0001
1790867405.4799802,0.0004870413,-25.8,0.5554488,865.77,269425.0,100,587.189049288,466,0.0001
1790867411.472182,0.0010233901,-23.6,0.5512313,820.6,271981.0,101,592.189680445,465,0.0001
1790867414.3082952,0.0014337425,-23.35,0.54922,815.86,273200.0,102,612.192667222,465,0.0001
1790867432.9248383,0.24431147,-25.6,0.5361388,865.22,281128.0,103,622.195228682,464,0.0001
1790867447.010903,0.028917737,-27.09,0.526252,894.05,287120.0,104,632.196737576,463,0.0001
1790867453.952298,0.0023111026,-27.4,0.5214158,895.2,290051.0,105,647.198491224,463,0.0001
1790867472.7182775,0.005260603,-29.4,0.5083396,950.78,297976.0,106,662.200651764,461,0.0001
1790867483.777787,0.0013246444,-30.37,0.50071,975.57,302600.0,107,662.200740057,461,0.0001
1790867485.3734286,0.0015348697,-29.74,0.4996177,960.54,303262.0,108,677.203911022,461,0.0001
1790867500.0194333,0.0007592889,-32.2,0.4895329,1007.3,309374.0,109,687.206263427,460,0.0001
1790867512.2756052,0.2714213,-32.68,0.48105684,1021.78,314511.0,110,727.212266023,459,0.0001
1790867550.8646252,0.0009973481,-38.38,0.45487794,1128.81,330377.0,111,877.233120676,456,0.0001
1790867698.676949,0.00879206,-46.87,0.35822096,1684.33,388957.0,112,907.23887454,446,0.0001
1790867730.1475277,0.001241239,-50.97,0.33817345,1756.6,401107.0,113,1072.262244376,444,0.0001
1790867895.6737137,0.0014945302,-71.03,0.23422675,2370.39,464105.0,114,2457.487726724,434,0.0001
1790869282.6914723,0.00021988459,-104.45,0.01,7306.59,960172.0,115,5077.887952032,391,0.0001
1790871902.50043,3.1144646e-06,-115.12,0.01,16392.96,1870495.0,116,5677.977493451,368,0.0001
1790872500.5244124,3.2599014e-06,-114.65,0.01,18562.52,2093861.0,117,6968.179057756,369,0.0001
1790873792.6659002,7.06547e-07,-119.77,0.01,22990.35,2542984.0,118,7903.324959945,365,0.0001
1790874727.2623584,0.00042822838,-121.02,0.01,26200.72,2870034.0,119,8275.516990762,363,0.0001
