charts/episodic_length,_step,charts/episodic_return,_runtime,global_step,_timestamp
399,0,1,10.194427165,398,1791049674.0359943
347,1,2,10.194793221,745,1791049674.2520924
470,2,-3,10.195305409,1215,1791049674.3396862
782,3,-9,10.195392913,1997,1791049674.4869692
401,4,0,10.19554592,2398,1791049674.5659955
733,5,-12,10.195728224,3131,1791049674.7120552
377,6,2,10.195779888,3508,1791049674.8001168
262,7,4,10.195926957,3770,1791049674.8615603
94,8,10,10.195976112,3864,1791049674.8809903
807,9,-21,10.196139674,4671,1791049675.079488
420,10,-4,10.196182643,5091,1791049675.1923919
781,11,-11,10.196332297,5872,1791049675.3827755
458,12,-2,10.196409861,6330,1791049675.494566
134,13,6,10.196518417,6464,1791049675.5272245
737,14,-8,10.196651621,7201,1791049675.716789
1137,15,-26,10.196752339,8338,1791049676.0175185
605,16,-11,10.196915168,8943,1791049676.1942334
1302,17,-38,10.197049064,10245,1791049676.5910215
311,18,1,10.197232658,10556,1791049676.688094
1266,19,-37,10.197317428,11822,1791049677.112036
3730,20,-186,10.197369196,15552,1791049678.4797883
493,21,-10,15.2005156,16045,1791049678.6769626
6017,22,-345,83.438430596,22062,1791049681.43682
