train/loss,global_step,_runtime,_timestamp,rollout/ep_len_mean,rollout/exploration_rate,rollout/ep_rew_mean,time/fps,train/learning_rate,_step
0.02545812,192,13.865387684,1790865205.747823,48.0,0.998176,-51.25,378,0.001,0
0.0072664963,335,13.865704227,1790865205.9316375,41.875,0.9968175,-50.5,483,0.001,1
0.06142791,587,13.866261106,1790865206.269759,29.35,0.9944235,-49.8,569,0.001,4
0.06051627,641,13.866521566,1790865206.3436756,26.708334,0.9939105,-49.916668,580,0.001,5
1.5835083,1064,13.86689839,1790865206.8969657,33.25,0.989892,-49.75,641,0.001,7
3.1175702,1236,13.867068622,1790865207.1169093,34.333332,0.988258,-49.88889,658,0.001,8
0.043220006,1363,13.867335912,1790865207.2755442,34.075,0.9870515,-49.65,669,0.001,9
3.1265357,1420,13.867729238999999,1790865207.3513746,32.272728,0.98651,-49.75,672,0.001,10
0.016347475,1533,13.868589368,1790865207.4991772,31.9375,0.9854365,-49.791668,678,0.001,11
3.1751442,1589,13.869121427,1790865207.5743616,30.557692,0.9849045,-49.653847,680,0.001,12
0.03031371,1777,13.870065611,1790865207.8181174,29.616667,0.9831185,-49.65,689,0.001,14
0.31531358,2091,13.870595844,1790865208.2104008,30.75,0.9801355,-49.617645,703,0.001,16
0.024914235,2197,13.870845396,1790865208.3503118,30.51389,0.9791285,-49.680557,706,0.001,17
1.5817047,2232,13.871076052,1790865208.3969126,29.368422,0.978796,-49.69737,706,0.001,18
1.580334,2356,13.871279067,1790865208.5547783,29.45,0.977618,-49.625,710,0.001,19
1.5703514,2752,13.871758726,1790865209.0543187,31.272728,0.973856,-49.659092,721,0.001,21
0.013316673,2855,13.872299295,1790865209.1866386,31.032608,0.9728775,-49.695652,723,0.001,22
0.008382647,3808,13.873663444,1790865210.4033256,33.36,0.963824,-49.72,737,0.001,27
0.017957387,3905,13.873790409,1790865210.5311022,34.06,0.9629025,-49.81,737,0.001,28
4.656161,3995,13.873924096,1790865210.6504126,34.08,0.9620475,-49.77,738,0.001,29
0.0019100817,4221,13.874014104,1790865210.932907,35.8,0.9599005,-49.73,741,0.001,30
0.025960471,4316,13.874093881,1790865211.0545084,36.08,0.958998,-49.68,742,0.001,31
1.5563164,4360,13.874209202,1790865211.1154516,32.96,0.95858,-49.88,741,0.001,32
1.5589949,4544,13.874335781,1790865211.3490732,33.08,0.956832,-49.75,743,0.001,33
3.4041443,4980,13.87458688,1790865211.916902,34.47,0.95269,-49.56,745,0.001,36
0.34896374,5110,13.874792165,1790865212.0911217,34.25,0.951455,-49.66,745,0.001,38
0.022653334,5374,13.874977591,1790865212.4501572,34.15,0.948947,-49.58,745,0.001,40
3.0639975,5499,13.875034638,1790865212.6107736,34.08,0.9477595,-49.55,745,0.001,41
0.008036843,5678,13.875089872,1790865212.8413157,34.81,0.946059,-49.45,746,0.001,42
3.1152453,5787,13.875134809,1790865212.980033,35.55,0.9450235,-49.58,747,0.001,43
4.9522214,5900,13.875221233,1790865213.1252477,35.44,0.94395,-49.72,748,0.001,44
3.1207151,6033,13.875359889,1790865213.3014774,35.13,0.9426865,-49.78,748,0.001,45
0.01432398,6189,13.875439493,1790865213.5047607,34.37,0.9412045,-49.62,748,0.001,46
1.558974,6369,13.875583301,1790865213.7372463,35.14,0.9394945,-49.5,749,0.001,47
0.020767119,6435,13.875659502,1790865213.8252409,34.01,0.9388675,-49.5,749,0.001,48
1.5947423,6928,13.87588753,1790865214.4613397,33.19,0.934184,-49.35,751,0.001,51
1.5413624,7015,13.876009409,1790865214.577878,32.07,0.9333575,-49.39,751,0.001,52
0.0037627188,7421,13.87610248,1790865215.1000464,34.26,0.9295005,-49.25,752,0.001,54
1.5395021,7510,18.876923715,1790865215.2147665,32.89,0.928655,-49.17,752,0.001,55
3.0926776,7640,18.877015426,1790865215.3859844,33.24,0.92742,-48.99,752,0.001,56
3.134647,7801,18.877065576,1790865215.600456,34.41,0.9258905,-48.95,752,0.001,57
3.3085961,7913,18.87711437,1790865215.7476132,33.69,0.9248265,-49.12,753,0.001,58
1.5458745,8205,18.877259259,1790865216.12526,33.45,0.9220525,-49.34,753,0.001,60
3.1035182,8258,18.877422738,1790865216.1939902,32.78,0.921549,-49.44,753,0.001,61
1.5752864,8846,18.877647469,1790865216.9597895,36.83,0.915963,-49.27,754,0.001,64
3.0572743,8924,18.877695913,1790865217.0600128,35.5,0.915222,-49.3,754,0.001,65
0.0249835,9321,18.877815638,1790865217.5693166,38.22,0.9114505,-49.42,755,0.001,66
4.603461,9349,18.877899556,1790865217.6101844,36.71,0.9111845,-49.51,755,0.001,67
1.6303521,9479,18.877947032,1790865217.7777734,36.92,0.9099495,-49.19,755,0.001,68
3.0806665,9675,18.878026867,1790865218.0412495,37.75,0.9080875,-49.07,755,0.001,69
1.5557098,9756,18.878107924,1790865218.1477003,37.23,0.907318,-49.06,755,0.001,70
3.1332836,9942,18.878173239,1790865218.3836818,37.53,0.905551,-49.23,756,0.001,71
0.05175723,10333,18.878291896,1790865218.880595,39.64,0.9018365,-49.0,757,0.001,72
1.4922163,10394,18.878345671,1790865218.9603713,39.59,0.901257,-48.89,757,0.001,73
0.004365215,10465,18.878421311,1790865219.0563316,39.41,0.9005825,-48.99,757,0.001,74
3.1419702,10750,18.879316157,1790865219.4346719,38.22,0.897875,-48.81,757,0.001,76
0.009824611,10805,18.879480533,1790865219.5106754,37.9,0.8973525,-49.08,757,0.001,77
0.28560314,10918,18.879951558,1790865219.662862,35.82,0.896279,-49.18,756,0.001,78
3.3682873,11079,23.882990101,1790865219.8791513,34.39,0.8947495,-49.41,756,0.001,81
0.009633824,11568,23.883266515,1790865220.5068183,36.55,0.890104,-49.06,757,0.001,83
0.026846208,11691,23.883416884,1790865220.6706038,36.5,0.8889355,-48.92,757,0.001,84
3.4271593,11793,23.883606062,1790865220.803279,35.88,0.8879665,-48.9,757,0.001,85
1.5547284,12036,23.883810898,1790865221.114662,37.78,0.885658,-48.96,758,0.001,86
0.008470537,12085,23.883949343,1790865221.183843,37.85,0.8851925,-48.94,757,0.001,87
1.86133,12141,23.884162148,1790865221.2606823,37.4,0.8846605,-49.05,757,0.001,88
0.3314812,12300,23.884288789,1790865221.4639986,34.54,0.88315,-49.12,758,0.001,89
0.04337065,12473,23.884406675,1790865221.700194,35.49,0.8815065,-49.22,757,0.001,90
3.12172,12557,23.884494062,1790865221.813001,32.36,0.8807085,-49.18,757,0.001,91
1.7955599,12700,23.884722268,1790865222.0007756,33.51,0.87935,-49.2,757,0.001,92
3.1068656,12831,23.884805419,1790865222.1771343,33.52,0.8781055,-49.35,757,0.001,93
0.01461298,12966,23.884972764,1790865222.3554983,32.91,0.876823,-49.34,757,0.001,94
4.58833,13049,23.885156768999998,1790865222.4687197,32.93,0.8760345,-49.23,757,0.001,95
1.5537839,13109,23.88525282,1790865222.55235,31.67,0.8754645,-49.24,757,0.001,96
1.5614263,13377,23.885409776,1790865222.9121797,30.44,0.8729185,-49.56,756,0.001,97
1.4819028,13487,23.88555394,1790865223.0583916,30.93,0.8718735,-49.51,756,0.001,98
0.05658091,13625,23.885675752,1790865223.24393,31.6,0.8705625,-49.64,756,0.001,99
1.584291,13728,23.885831743,1790865223.3790827,31.57,0.869584,-49.81,756,0.001,100
1.5592797,13811,23.885931151,1790865223.4924698,30.61,0.8687955,-49.82,756,0.001,101
1.5480793,13949,23.886146924,1790865223.6733534,31.44,0.8674845,-49.7,756,0.001,102
1.5352374,14232,23.886388703,1790865224.0463502,32.7,0.864796,-49.68,756,0.001,104
1.493869,14469,23.886545558,1790865224.3599591,34.34,0.8625445,-49.49,756,0.001,105
0.34982634,14547,23.886655019,1790865224.4627452,34.68,0.8618035,-49.41,756,0.001,106
0.0058739344,14903,23.886860118,1790865224.929732,33.35,0.8584215,-49.78,756,0.001,108
0.034286328,14948,28.888253143,1790865224.9932053,32.57,0.857994,-49.92,756,0.001,109
0.0117475325,15294,28.888448868,1790865225.4593136,32.58,0.854707,-49.9,756,0.001,111
1.4989245,15417,28.888496175,1790865225.6232665,33.32,0.8535385,-49.98,756,0.001,112
1.4693472,16488,28.890824601,1790865227.0533905,36.57,0.843364,-49.87,755,0.001,118
6.014023,16713,28.89103601,1790865227.3510048,37.47,0.8412265,-50.01,755,0.001,119
1.5659332,16884,28.89132502,1790865227.5742958,38.35,0.839602,-50.02,755,0.001,120
0.016228447,16931,28.891587577,1790865227.6408823,38.22,0.8391555,-50.01,755,0.001,121
0.34134796,17019,28.891792464,1790865227.757925,36.42,0.8383195,-49.93,755,0.001,122
1.8506873,17159,28.89192478,1790865227.944212,36.72,0.8369895,-49.89,755,0.001,123
4.629198,17328,28.892169246,1790865228.1678562,37.03,0.835384,-49.66,755,0.001,124
0.36337367,17761,28.893162954,1790865228.7480226,38.12,0.8312705,-49.76,755,0.001,127
1.4592491,18027,28.893398353,1790865229.112796,35.58,0.8287435,-49.97,755,0.001,130
0.0043291356,18126,28.89344204,1790865229.2437687,35.79,0.827803,-50.02,755,0.001,131
1.5348268,18560,28.893622175,1790865229.8250763,36.57,0.82368,-49.8,754,0.001,133
0.0042498214,18897,33.895095848,1790865230.2810888,36.29,0.8204785,-49.72,754,0.001,135
0.01101036,18983,33.895146459,1790865230.3977826,36.89,0.8196615,-49.72,754,0.001,136
0.008341897,19245,33.895296437,1790865230.7558534,38.28,0.8171725,-49.45,754,0.001,137
3.1527739,19573,33.895521626,1790865231.199309,38.21,0.8140565,-49.35,753,0.001,139
0.0041379128,19862,33.8955914,1790865231.5866563,39.06,0.811311,-49.17,753,0.001,140
0.35317108,20199,33.895683091,1790865232.0490184,38.61,0.8081095,-49.09,753,0.001,142
0.0050977576,20273,33.895728446,1790865232.154737,37.85,0.8074065,-49.23,753,0.001,143
1.6441494,20869,33.895817837,1790865232.9480588,39.85,0.8017445,-49.3,753,0.001,145
3.256173,21249,33.895912361,1790865233.4660766,42.3,0.7981345,-49.35,752,0.001,147
1.4766257,21366,33.895953194,1790865233.6279402,42.07,0.797023,-49.4,752,0.001,148
1.8040609,21396,33.895993849,1790865233.669396,40.68,0.796738,-49.48,752,0.001,149
0.079554334,21609,33.896037092,1790865233.9653878,42.0,0.7947145,-49.36,752,0.001,150
1.5962781,21907,33.89612241,1790865234.362507,41.46,0.7918835,-49.28,752,0.001,152
1.9496846,22017,33.896165794,1790865234.51429,41.81,0.7908385,-49.11,752,0.001,153
0.01605873,22133,33.896206197,1790865234.675485,41.59,0.7897365,-49.13,751,0.001,154
3.1550062,22375,33.896250571,1790865234.9933326,43.48,0.7874375,-49.09,751,0.001,155
3.4249268,22531,38.898364268,1790865235.2084117,42.13,0.7859555,-49.29,751,0.001,157
0.046010982,22643,38.898480437,1790865235.3644176,40.83,0.7848915,-49.33,751,0.001,158
1.4480221,22747,38.89852592,1790865235.509591,41.23,0.7839035,-49.35,751,0.001,159
1.6874957,22965,38.898820638,1790865235.811581,39.82,0.7818325,-49.19,751,0.001,161
0.012971009,23266,38.898865214,1790865236.2160432,40.21,0.778973,-49.37,751,0.001,162
3.0879836,23497,38.898917375,1790865236.5243897,40.44,0.7767785,-49.71,751,0.001,163
0.08769669,23810,38.899047463,1790865236.9531622,37.3,0.773805,-49.67,750,0.001,166
1.5672121,23935,38.899117827,1790865237.123129,37.36,0.7726175,-49.76,750,0.001,167
0.026416339,24109,38.899161731,1790865237.3603969,38.36,0.7709645,-49.72,750,0.001,168
1.9113615,24187,38.899246952,1790865237.4645722,36.39,0.7702235,-49.75,750,0.001,169
1.5976908,24369,38.899313219,1790865237.712739,35.0,0.7684945,-49.58,750,0.001,170
0.0024822394,24563,38.899401094,1790865237.9834003,35.94,0.7666515,-49.09,750,0.001,171
0.017797846,24725,38.899451961,1790865238.2052703,34.76,0.7651125,-49.13,750,0.001,172
0.043589745,24855,38.899571316,1790865238.3812995,34.89,0.7638775,-48.97,749,0.001,173
0.32505655,25201,38.899654233,1790865238.8481581,38.05,0.7605905,-48.89,749,0.001,174
1.6187193,25365,38.899701704,1790865239.078409,37.56,0.7590325,-48.87,749,0.001,175
1.5328827,25524,38.899778031,1790865239.2977788,38.47,0.757522,-48.66,749,0.001,176
0.33389595,25662,38.899838045,1790865239.4857488,37.55,0.756211,-48.73,749,0.001,177
1.5669869,25890,38.899959336,1790865239.7964518,38.73,0.754045,-48.7,749,0.001,178
0.020077236,26044,38.900058555,1790865240.0092707,39.11,0.752582,-48.68,749,0.001,179
1.5606701,26119,38.900126115,1790865240.1159098,37.44,0.7518695,-48.75,748,0.001,180
1.5373392,26203,43.90088892,1790865240.2322125,37.16,0.7510715,-48.69,748,0.001,181
1.8692718,26245,43.900967584,1790865240.297336,37.14,0.7506725,-48.6,748,0.001,182
0.043645434,26471,43.901132883,1790865240.6051672,37.24,0.7485255,-48.54,748,0.001,184
1.6062871,26612,43.90125146,1790865240.799664,38.34,0.747186,-48.5,748,0.001,185
1.8198373,26644,43.901315258,1790865240.8478332,36.79,0.746882,-48.67,748,0.001,186
4.5770226,26843,43.901609921,1790865241.1220381,33.46,0.7449915,-48.51,748,0.001,188
1.4543315,26973,43.901675795,1790865241.3018174,33.68,0.7437565,-48.56,747,0.001,189
0.016364008,27190,43.901791544,1790865241.594928,35.19,0.741695,-48.46,747,0.001,190
0.069500394,27230,43.901911745,1790865241.6537902,34.2,0.741315,-48.46,747,0.001,191
0.007894999,27540,43.902056897,1790865242.0855868,34.31,0.73837,-48.38,747,0.001,193
0.075867735,27627,43.902145448,1790865242.2102907,34.4,0.7375435,-48.5,747,0.001,194
2.9435177,27717,43.902220551,1790865242.3389966,33.48,0.7366885,-48.53,747,0.001,195
0.3541412,27865,43.902365527,1790865242.5537906,31.4,0.7352825,-48.9,746,0.001,197
1.508997,28249,43.902455601,1790865243.0697372,33.94,0.7316345,-49.02,746,0.001,198
1.5741838,28507,43.902506785,1790865243.4209857,33.06,0.7291835,-48.91,746,0.001,199
3.0933652,28772,43.902673584,1790865243.7890186,32.48,0.726666,-49.0,746,0.001,201
4.8575377,28926,43.902716531,1790865244.005978,32.64,0.725203,-48.94,746,0.001,202
1.5657735,28986,43.903437195,1790865244.0915687,30.96,0.724633,-49.04,746,0.001,203
1.5276545,29254,43.904095197,1790865244.4684412,31.35,0.722087,-48.93,745,0.001,205
1.9063474,29314,43.904391413,1790865244.5544875,31.11,0.721517,-48.95,745,0.001,206
0.0653812,29569,43.904642059,1790865244.8964953,33.24,0.7190945,-49.0,745,0.001,207
1.4196879,29674,43.90495044,1790865245.0438313,32.82,0.718097,-49.07,745,0.001,208
3.1438813,29758,48.907707541,1790865245.1624453,32.87,0.717299,-49.01,745,0.001,209
1.6190528,30203,48.907960218,1790865245.7821376,35.59,0.7130715,-48.73,744,0.001,211
1.509302,30318,48.9081211,1790865245.9445236,35.36,0.711979,-48.72,744,0.001,212
0.008491833,30424,48.908230944,1790865246.0913413,35.81,0.710972,-48.73,744,0.001,213
4.5026054,30585,48.908315185,1790865246.3160934,36.12,0.7094425,-48.83,744,0.001,214
3.4417107,30672,48.9084816,1790865246.4344113,34.82,0.708616,-48.85,744,0.001,215
4.511126,30728,48.9087452,1790865246.5169344,34.98,0.708084,-48.77,744,0.001,216
1.5640016,30962,48.90879852,1790865246.845806,36.25,0.705861,-48.47,744,0.001,217
0.030506266,31131,48.908841434,1790865247.0818505,35.91,0.7042555,-48.67,744,0.001,218
1.5666595,31205,48.908911685,1790865247.1845975,35.78,0.7035525,-48.47,743,0.001,219
3.099433,31399,48.908965782,1790865247.443835,36.82,0.7017095,-48.32,743,0.001,220
1.7845058,31543,48.9090669,1790865247.6491222,37.51,0.7003415,-48.28,743,0.001,221
0.023303038,31739,48.909123504,1790865247.923466,38.74,0.6984795,-48.28,743,0.001,222
1.629771,31951,48.909273439,1790865248.2262154,34.44,0.6964655,-48.55,743,0.001,224
2.9828677,32144,48.909353067,1790865248.4905684,34.18,0.694632,-48.59,743,0.001,225
1.8991761,32186,48.909426631,1790865248.556021,34.14,0.694233,-48.6,743,0.001,226
4.450409,32359,48.909596383,1790865248.8052542,33.73,0.6925895,-48.63,742,0.001,228
0.015626768,32478,48.909726068,1790865248.9732656,34.02,0.691459,-48.5,742,0.001,229
1.5490971,32577,48.909779295,1790865249.114413,33.23,0.6905185,-48.72,742,0.001,230
0.010617936,32668,48.909887736,1790865249.2432737,33.54,0.689654,-48.4,742,0.001,231
0.012840826,32895,48.909964964,1790865249.5643694,33.26,0.6874975,-48.46,742,0.001,232
4.5843883,32975,48.910040478,1790865249.6772704,33.01,0.6867375,-48.33,742,0.001,233
0.03293541,33093,48.910114365,1790865249.8475664,33.35,0.6856165,-48.28,741,0.001,234
0.29836932,33180,48.91026523,1790865249.975245,29.77,0.68479,-48.56,741,0.001,236
0.03620436,33456,53.91144518,1790865250.3656957,30.32,0.682168,-48.76,741,0.001,238
1.5750637,33878,53.911538824,1790865250.9603138,32.06,0.678159,-48.57,740,0.001,240
1.5142115,33994,53.911615116,1790865251.1267369,32.66,0.677057,-48.62,740,0.001,241
0.007709462,34109,53.911693898,1790865251.288787,31.47,0.6759645,-48.86,740,0.001,242
1.6228473,34157,53.911802487,1790865251.359268,30.26,0.6755085,-48.83,740,0.001,243
0.026673557,34375,53.911951379,1790865251.6537879,31.7,0.6734375,-48.99,740,0.001,244
0.29713228,34425,53.912022556,1790865251.7280476,30.26,0.6729625,-49.09,740,0.001,245
0.008788817,34507,53.912142625,1790865251.8458076,29.64,0.6721835,-49.16,740,0.001,246
2.9954238,34864,53.912224572,1790865252.3394527,31.25,0.668792,-49.27,740,0.001,247
4.52571,35043,53.912271692,1790865252.5855367,32.66,0.6670915,-49.26,740,0.001,248
1.5177066,35153,53.912370013,1790865252.7480586,32.02,0.6660465,-49.23,739,0.001,249
0.022649268,35295,53.912442318,1790865252.9472585,31.51,0.6646975,-49.25,739,0.001,250
1.4434873,35369,53.912506669,1790865253.054849,31.83,0.6639945,-49.37,739,0.001,251
0.017786939,35439,53.91262119,1790865253.1512895,31.55,0.6633295,-49.34,739,0.001,252
0.04123897,35525,53.912811996,1790865253.2802787,31.66,0.6625125,-49.49,739,0.001,253
4.64605,35701,53.91295183,1790865253.5340643,31.24,0.6608405,-49.67,739,0.001,255
0.030548811,36029,53.913079469,1790865253.9916408,31.34,0.6577245,-49.73,739,0.001,257
3.0823684,36183,53.913124736,1790865254.210949,32.08,0.6562615,-49.78,738,0.001,258
0.008851219,36408,53.91321515,1790865254.5224605,33.15,0.654124,-49.72,738,0.001,259
1.4217719,36463,53.913260928,1790865254.603927,33.2,0.6536015,-49.67,738,0.001,260
1.6663343,36546,53.913348059,1790865254.7244022,33.66,0.652813,-49.67,738,0.001,261
1.4912715,36607,53.913393869,1790865254.8120642,33.23,0.6522335,-49.58,738,0.001,262
4.514824,36762,53.913636508,1790865255.0403645,32.87,0.650761,-49.45,738,0.001,264
0.014600742,36926,58.915527675,1790865255.2713428,30.48,0.649203,-49.56,738,0.001,265
0.30637306,37403,58.91566806,1790865255.937152,32.94,0.6446715,-49.19,737,0.001,267
0.045664232,37675,58.915711814,1790865256.3219166,35.18,0.6420875,-49.14,737,0.001,268
0.042223074,37776,58.915807315,1790865256.4638329,34.01,0.641128,-49.2,737,0.001,269
0.024828373,38055,58.915882826,1790865256.8543286,36.3,0.6384775,-49.12,737,0.001,270
1.5642393,38177,58.91592682,1790865257.0322964,36.7,0.6373185,-49.11,737,0.001,271
2.9706273,38449,58.916003887,1790865257.4118009,35.85,0.6347345,-49.09,736,0.001,272
0.02219,38721,58.916084358,1790865257.8021653,36.78,0.6321505,-49.02,736,0.001,273
1.5956635,38895,58.916156915,1790865258.0547962,37.42,0.6304975,-48.85,736,0.001,274
3.0353723,39113,58.916352475,1790865258.366465,37.44,0.6284265,-48.78,736,0.001,276
0.04793917,39238,58.916397765,1790865258.5402849,37.99,0.627239,-48.79,736,0.001,277
1.5739962,39547,58.916607268,1790865258.980512,39.77,0.6243035,-48.55,735,0.001,279
1.5938841,39870,58.916708332,1790865259.440474,40.36,0.621235,-48.57,735,0.001,281
1.3665055,40018,58.916749569,1790865259.6534455,39.89,0.619829,-48.51,735,0.001,282
0.014723032,40180,58.916872648,1790865259.8829384,39.97,0.61829,-48.54,735,0.001,283
1.9743052,40425,63.920229792,1790865260.238197,40.17,0.6159625,-48.68,735,0.001,284
4.646906,40587,63.920338523,1790865260.4679391,41.24,0.6144235,-48.77,734,0.001,285
0.040562242,40777,63.920386603,1790865260.733893,42.31,0.6126185,-48.7,734,0.001,286
2.9147074,41342,63.920619179,1790865261.5314922,45.8,0.607251,-48.8,734,0.001,289
0.019436855,41377,63.920672734,1790865261.588413,44.51,0.6069185,-48.91,734,0.001,290
1.7772999,41567,63.920777405,1790865261.8586287,45.58,0.6051135,-49.01,734,0.001,291
1.592283,41624,63.920823115,1790865261.9428403,42.21,0.604572,-49.27,734,0.001,292
1.3310376,41745,63.920913196,1790865262.126314,40.7,0.6034225,-49.23,733,0.001,293
3.0404844,42186,63.920960107,1790865262.7513535,44.1,0.599233,-48.83,733,0.001,294
0.016595343,42863,63.921315851,1790865263.7343185,39.68,0.5928015,-49.0,732,0.001,299
1.5963538,43084,63.921384935,1790865264.0493774,40.88,0.590702,-49.23,732,0.001,300
5.9759426,43336,63.92155092,1790865264.4129431,40.98,0.588308,-49.3,732,0.001,302
0.016297938,43630,63.921593214,1790865264.8369377,42.48,0.585515,-49.48,732,0.001,303
1.5260674,43814,68.922626696,1790865265.1012478,42.67,0.583767,-49.74,731,0.001,304
3.0142214,44056,68.922704941,1790865265.4383256,43.34,0.581468,-49.82,731,0.001,305
1.6350416,45054,68.922995368,1790865266.8815773,46.29,0.571987,-49.63,730,0.001,309
2.8950658,45153,68.923099229,1790865267.0293784,45.66,0.5710465,-49.53,730,0.001,310
1.4961075,45350,68.923170867,1790865267.3099766,45.73,0.569175,-49.31,730,0.001,311
1.576321,45575,68.923280398,1790865267.6360998,44.2,0.5670375,-49.29,730,0.001,313
4.718359,45705,68.923348045,1790865267.8281825,43.63,0.5658025,-49.03,730,0.001,314
0.015341276,45867,68.923460106,1790865268.0593953,44.9,0.5642635,-48.83,730,0.001,315
3.0202594,45952,68.923524507,1790865268.1850545,43.85,0.563456,-48.84,730,0.001,316
1.5345033,46124,68.923568901,1790865268.4363568,45.0,0.561822,-48.86,729,0.001,317
4.2541437,46207,68.923663393,1790865268.5594888,44.62,0.5610335,-48.87,729,0.001,318
2.9866526,46596,68.92379913,1790865269.1254096,42.63,0.557338,-48.85,729,0.001,320
0.0956321,46692,68.923849821,1790865269.2717583,42.21,0.556426,-48.73,729,0.001,321
1.6167202,46878,68.923897721,1790865269.5436435,43.33,0.554659,-48.72,729,0.001,322
1.4971712,47120,68.923977029,1790865269.8872893,44.21,0.55236,-48.66,728,0.001,323
2.873878,47286,73.9279736,1790865270.1206644,44.23,0.550783,-48.36,728,0.001,324
1.5261903,47497,73.928085685,1790865270.4317977,44.13,0.5487785,-48.12,728,0.001,325
2.664091,47730,73.928133826,1790865270.7734635,45.3,0.546565,-47.78,728,0.001,326
1.3943597,47867,73.928176899,1790865270.9731498,45.31,0.5452635,-47.59,728,0.001,327
1.5035799,48028,73.928220993,1790865271.2107356,43.98,0.543734,-47.42,728,0.001,328
2.8630474,48622,73.928314674,1790865272.0568285,45.66,0.538091,-47.17,727,0.001,330
3.2792296,48897,73.928359381,1790865272.46367,44.3,0.5354785,-47.24,727,0.001,331
2.8904958,49230,73.928479076,1790865272.9343987,47.01,0.532315,-47.05,727,0.001,332
1.5661598,49591,73.928591311,1790865273.4529994,46.92,0.5288855,-46.83,726,0.001,333
0.01660053,50678,78.929529998,1790865275.0263386,53.28,0.518559,-46.62,726,0.001,336
1.4705665,50963,78.929597408,1790865275.4418254,55.24,0.5158515,-46.73,725,0.001,337
0.007653388,51485,78.929867599,1790865276.2324347,56.18,0.5108925,-47.02,725,0.001,340
1.495617,51744,78.929923462,1790865276.608459,57.92,0.508432,-46.95,725,0.001,341
0.35297582,52119,78.930059167,1790865277.1562407,59.12,0.5048695,-47.1,724,0.001,343
0.118527755,52239,78.93013027800001,1790865277.332525,59.26,0.5037295,-46.96,724,0.001,344
1.5136988,52850,78.930262833,1790865278.2112255,61.58,0.497925,-47.14,724,0.001,346
0.017041283,52926,78.930323217,1790865278.328049,60.48,0.497203,-47.25,724,0.001,347
1.6072512,53526,78.930509449,1790865279.2113907,62.4,0.491503,-47.37,723,0.001,349
0.021926599,54049,78.930671308,1790865279.9827218,61.82,0.4865345,-47.98,723,0.001,352
0.002142656,54237,83.932488398,1790865280.2601793,62.09,0.4847485,-47.88,722,0.001,353
0.3783089,54429,83.93267963,1790865280.5392506,60.53,0.4829245,-47.72,722,0.001,354
1.455548,55222,83.93349757,1790865281.6973588,59.92,0.475391,-47.84,722,0.001,357
0.021176243,55464,83.934321477,1790865282.0595484,58.73,0.473092,-47.9,721,0.001,358
1.4208691,55722,83.934554716,1790865282.450124,59.36,0.470641,-48.07,721,0.001,359
0.025854956,56006,83.934701391,1790865282.8658524,55.45,0.467943,-48.58,721,0.001,360
1.6133559,56197,83.934827766,1790865283.1527133,55.19,0.4661285,-48.5,721,0.001,361
4.412303,56388,83.934966124,1790865283.4314928,54.25,0.464314,-48.33,721,0.001,362
0.4196926,56495,83.9351968,1790865283.59799,54.28,0.4632975,-48.23,720,0.001,363
1.4471586,56627,83.935422847,1790865283.7986343,54.95,0.4620435,-48.13,720,0.001,364
1.5745926,57135,83.935541758,1790865284.554445,56.5,0.4572175,-47.83,720,0.001,365
1.8396755,57340,83.936633938,1790865284.8585732,55.96,0.45527,-47.74,720,0.001,366
0.3356005,58236,88.938179732,1790865286.2057178,59.97,0.446758,-47.14,719,0.001,369
2.8577583,58505,88.938246253,1790865286.6060984,60.22,0.4442025,-47.24,719,0.001,370
2.889493,58837,88.938378874,1790865287.103766,59.87,0.4410485,-47.24,718,0.001,371
1.5823461,58945,88.938460069,1790865287.2663257,60.19,0.4400225,-47.26,718,0.001,372
0.05443628,59116,88.93851842,1790865287.5258398,60.58,0.438398,-47.2,718,0.001,373
0.0155074615,59558,88.938754236,1790865288.1917684,59.06,0.434199,-47.1,717,0.001,375
0.43084487,59782,88.938799267,1790865288.5312128,60.17,0.432071,-46.93,717,0.001,376
1.5760188,60302,88.939004356,1790865289.326099,58.73,0.427131,-47.04,717,0.001,379
1.6968919,60496,88.939048786,1790865289.610642,54.8,0.425288,-47.24,717,0.001,380
0.07019687,60702,88.939158504,1790865289.9138563,55.75,0.423331,-47.16,716,0.001,381
0.9657102,60890,93.939716545,1790865290.1984856,56.68,0.421545,-47.09,716,0.001,382
2.980956,61111,93.939788779,1790865290.535026,56.47,0.4194455,-47.27,716,0.001,383
0.06507528,61327,93.939843564,1790865290.8578935,56.05,0.4173935,-47.06,716,0.001,384
1.3573744,61648,93.939887087,1790865291.3458574,56.42,0.414344,-46.96,715,0.001,385
2.2934709,61814,93.939966981,1790865291.5984066,56.17,0.412767,-47.12,715,0.001,386
0.025720825,62546,93.940305916,1790865292.7077847,59.19,0.405813,-46.95,715,0.001,389
1.480384,63010,93.94035377,1790865293.420615,58.75,0.401405,-47.08,714,0.001,390
0.036332123,63464,93.940572763,1790865294.1054482,59.39,0.397092,-47.12,714,0.001,392
0.041823708,63594,93.940615213,1790865294.3097916,56.93,0.395857,-47.15,713,0.001,393
0.35991302,63892,93.940770228,1790865294.7648718,53.87,0.393026,-47.48,713,0.001,395
3.3835325,63988,93.940895317,1790865294.9105906,51.51,0.392114,-47.39,713,0.001,396
0.019556075,64170,98.942530952,1790865295.1872933,52.25,0.390385,-47.2,713,0.001,397
1.499701,64755,98.942635983,1790865296.0748622,56.39,0.3848275,-47.12,712,0.001,398
0.09722759,64928,98.94268604,1790865296.3472633,56.84,0.383184,-47.21,712,0.001,399
0.50116503,65130,98.942800185,1790865296.6621668,55.72,0.381265,-47.47,712,0.001,400
0.04456102,65354,98.942922306,1790865297.0023081,55.72,0.379137,-47.6,712,0.001,401
1.5402515,65903,98.943038274,1790865297.8364599,60.31,0.3739215,-47.32,711,0.001,402
1.557188,66114,98.943161029,1790865298.158232,59.43,0.371917,-47.41,711,0.001,403
0.02917465,66366,98.943302107,1790865298.5369942,60.64,0.369523,-47.13,711,0.001,404
1.4707284,66639,98.943404585,1790865298.9517734,61.43,0.3669295,-46.77,711,0.001,405
0.078640476,66848,98.94353912,1790865299.2686298,61.46,0.364944,-46.66,710,0.001,406
3.04883,67420,103.945646118,1790865300.1206107,65.3,0.35951,-46.4,710,0.001,407
1.3955517,67712,103.945786555,1790865300.5617087,66.01,0.356736,-46.13,710,0.001,408
0.71885467,67990,103.945978892,1790865300.9859924,66.63,0.354095,-46.16,710,0.001,409
0.031017113,68262,103.946121557,1790865301.417953,66.14,0.351511,-46.25,709,0.001,410
0.66942006,68786,103.946276012,1790865302.2088253,67.53,0.346533,-44.73,709,0.001,412
0.33201241,69069,103.946380632,1790865302.6538084,67.27,0.3438445,-44.62,709,0.001,413
1.6064322,69383,103.946533995,1790865303.121704,68.37,0.3408615,-44.97,708,0.001,414
4.5720506,69696,103.946599875,1790865303.6057682,66.86,0.337888,-44.97,708,0.001,415
3.5559847,70536,108.947703317,1790865304.9013143,69.42,0.329908,-45.02,707,0.001,418
1.501548,71285,108.947836759,1790865306.0696187,73.93,0.3227925,-44.64,706,0.001,420
0.05671747,71550,108.947880029,1790865306.4758775,75.62,0.320275,-44.74,706,0.001,421
0.07016299,72226,108.947925284,1790865307.5216937,80.56,0.313853,-44.55,706,0.001,422
0.022068454,72629,108.948001631,1790865308.1397765,78.74,0.3100245,-44.49,705,0.001,423
2.104762,73211,108.948072746,1790865309.0329187,82.83,0.3044955,-44.31,705,0.001,424
1.5095001,73895,113.949081658,1790865310.1177378,87.65,0.2979975,-43.93,704,0.001,425
0.30941978,74605,113.949232059,1790865311.2278752,87.02,0.2912525,-43.87,703,0.001,427
0.10303398,74935,113.949307394,1790865311.7326794,88.21,0.2881175,-43.97,703,0.001,428
0.37527117,75235,113.949391491,1790865312.1955986,88.69,0.2852675,-44.29,703,0.001,429
0.58310705,75834,113.949467802,1790865313.1250246,91.95,0.279577,-44.42,702,0.001,430
1.4742929,76108,113.949523483,1790865313.5559883,92.6,0.276974,-44.41,702,0.001,431
0.034389447,76368,113.949594491,1790865313.9678643,89.48,0.274504,-44.74,702,0.001,432
0.04262358,77284,118.954436661,1790865315.3880997,92.94,0.265802,-44.56,701,0.001,434
2.4905624,77431,118.954484008,1790865315.6252177,91.69,0.2644055,-44.45,701,0.001,435
1.6547647,77870,118.954527829,1790865316.3156781,94.6,0.260235,-44.51,701,0.001,436
0.05583813,78592,118.954697134,1790865317.4580853,95.23,0.253376,-45.59,700,0.001,438
0.56022656,78958,118.954853993,1790865318.030893,92.62,0.249899,-45.58,700,0.001,440
0.10723595,79413,118.954932934,1790865318.7682655,93.55,0.2455765,-45.35,699,0.001,441
0.29612082,79665,118.955020612,1790865319.163925,94.34,0.2431825,-45.18,699,0.001,442
1.6932644,79953,123.956321936,1790865319.6200051,94.17,0.2404465,-45.18,699,0.001,443
1.1286116,80518,123.95640447,1790865320.5213685,95.85,0.235079,-45.15,698,0.001,444
1.3126705,81008,123.956477461,1790865321.2897162,97.23,0.230424,-45.27,698,0.001,445
0.2809398,81491,123.956590806,1790865322.0571084,92.65,0.2258355,-45.43,697,0.001,447
0.33768615,81714,123.95667308,1790865322.416975,90.85,0.223717,-45.63,697,0.001,448
0.038307067,82312,123.956747488,1790865323.3614438,91.01,0.218036,-45.55,696,0.001,449
1.6447027,82499,123.956794942,1790865323.649895,86.04,0.2162595,-45.87,696,0.001,450
1.5921258,82777,123.956902916,1790865324.0950184,83.79,0.2136185,-45.59,696,0.001,451
1.1389184,83184,123.957015405,1790865324.7337224,82.49,0.209752,-45.89,696,0.001,453
1.8010312,83389,128.958051328,1790865325.0652912,81.54,0.2078045,-45.72,695,0.001,454
0.097411856,84185,128.958127742,1790865326.3087468,83.51,0.2002425,-45.69,695,0.001,455
0.33614182,84621,128.958178719,1790865327.007206,85.13,0.1961005,-45.71,694,0.001,456
1.7175756,85061,128.95822287,1790865327.711728,86.93,0.1919205,-45.63,694,0.001,457
1.5036949,85581,128.958308031,1790865328.52278,88.28,0.1869805,-45.68,694,0.001,458
0.069202915,86202,133.960294767,1790865329.510212,89.18,0.181081,-45.26,693,0.001,459
1.5684475,86868,133.960376121,1790865330.5676062,94.37,0.174754,-44.94,693,0.001,460
0.081871204,87361,133.960423252,1790865331.3754723,94.91,0.1700705,-44.69,692,0.001,461
0.015990395,88115,133.9604666,1790865332.5899818,99.32,0.1629075,-44.35,691,0.001,462
0.94057375,89357,133.960616914,1790865334.550635,107.11,0.1511085,-43.86,691,0.001,464
0.1125773,91275,138.963315946,1790865337.6001153,116.1,0.1328875,-43.83,689,0.001,467
1.1624198,91896,138.96344145,1790865338.5984328,119.43,0.126988,-43.92,689,0.001,468
0.3488315,92969,143.964412903,1790865340.3538115,119.61,0.1167945,-43.73,688,0.001,470
0.037281297,93608,143.964467994,1790865341.4058018,123.15,0.110724,-43.72,687,0.001,471
1.4131879,94205,143.964512718,1790865342.3801212,127.14,0.1050525,-43.19,686,0.001,472
0.88964015,96067,148.965744779,1790865345.458364,137.55,0.0873635,-41.82,685,0.001,474
1.5622743,97581,148.965839064,1790865347.9511406,148.04,0.0729805,-41.3,683,0.001,476
0.058194112,99575,153.966982057,1790865351.2358723,161.86,0.0540375,-40.67,682,0.001,479
0.032785676,100895,153.967031735,1790865353.4188125,167.1,0.05,-40.56,680,0.001,480
0.20808277,101990,158.968028038,1790865355.2573571,173.69,0.05,-39.45,679,0.001,481
0.08443039,102574,158.968112469,1790865356.2322457,175.13,0.05,-39.63,679,0.001,482
0.08018619,103962,158.968277308,1790865358.5220017,177.6,0.05,-39.5,678,0.001,484
0.41294962,104893,163.970704183,1790865360.0586812,180.25,0.05,-39.2,677,0.001,485
1.1246623,106131,163.970774158,1790865362.1175053,187.7,0.05,-38.83,676,0.001,486
1.5094409,108712,168.971502976,1790865366.4353824,195.48,0.05,-38.64,674,0.001,488
0.061897114,110905,173.97301727,1790865370.0612252,211.97,0.05,-36.75,672,0.001,490
0.61463934,112734,173.973149931,1790865373.1260505,214.59,0.05,-35.94,671,0.001,492
0.02759691,114053,178.974236256,1790865375.279395,221.57,0.05,-35.41,670,0.001,493
1.536898,115128,178.974321714,1790865377.077486,228.65,0.05,-34.58,669,0.001,494
1.3662611,116014,178.974367898,1790865378.520608,230.45,0.05,-34.25,669,0.001,495
0.11171044,116269,183.975439684,1790865378.9408596,226.61,0.05,-34.45,669,0.001,496
0.04556092,117522,183.975515808,1790865380.9855943,233.17,0.05,-34.0,668,0.001,497
0.38134408,117908,183.975559798,1790865381.6274939,226.37,0.05,-35.33,668,0.001,498
0.04616253,119160,188.977776565,1790865383.6822665,223.83,0.05,-34.59,667,0.001,500
0.068230815,120522,188.977872883,1790865385.9781158,229.41,0.05,-34.07,666,0.001,501
0.05994664,120942,188.978024128,1790865386.6802812,226.75,0.05,-34.27,666,0.001,502
0.09176265,121587,193.980029583,1790865387.7449892,229.94,0.05,-34.18,666,0.001,503
0.42256597,123690,193.980202502,1790865391.270431,227.95,0.05,-32.78,664,0.001,505
0.037444547,125094,193.980251163,1790865393.5654726,231.04,0.05,-33.29,664,0.001,506
0.05559136,125959,198.981825629,1790865394.981618,233.85,0.05,-32.59,663,0.001,507
0.026348248,126966,198.981881047,1790865396.6673572,235.2,0.05,-33.08,663,0.001,508
0.03459055,127497,198.981911917,1790865397.5449805,235.35,0.05,-33.03,662,0.001,509
0.045813903,128322,203.98346427,1790865398.8963692,234.29,0.05,-33.33,662,0.001,510
0.034603864,129754,203.983539728,1790865401.243023,236.23,0.05,-32.61,661,0.001,511
0.0760506,131859,208.984663974,1790865404.7264912,231.47,0.05,-32.51,660,0.001,513
0.3595402,133467,208.984738615,1790865407.327148,239.93,0.05,-31.94,660,0.001,514
0.05608071,135494,213.985668624,1790865410.637597,241.94,0.05,-32.91,659,0.001,516
0.1148939,137307,218.986516577,1790865413.637074,245.73,0.05,-32.75,658,0.001,517
0.09767935,138672,218.986595065,1790865415.906584,246.19,0.05,-32.41,658,0.001,518
0.13016826,139667,218.986644029,1790865417.5454462,245.39,0.05,-32.49,657,0.001,519
1.0366344,140505,223.988637878,1790865418.92197,244.91,0.05,-32.91,657,0.001,520
1.3212978,142660,223.988771517,1790865422.4857032,251.38,0.05,-32.06,656,0.001,522
0.30517432,143476,228.991754737,1790865423.8658156,255.68,0.05,-31.67,656,0.001,523
0.032680355,144883,228.991856852,1790865426.2201474,264.75,0.05,-31.45,655,0.001,524
0.08465082,146629,233.993163146,1790865429.0995157,274.69,0.05,-30.99,655,0.001,525
0.08356972,147856,233.993237104,1790865431.1278996,273.34,0.05,-30.85,654,0.001,526
0.07220584,148814,233.993285448,1790865432.72786,278.72,0.05,-30.31,654,0.001,527
0.34057975,149896,238.994425414,1790865434.5172486,283.09,0.05,-29.42,653,0.001,528
0.20401342,152257,243.99561526,1790865438.4316893,285.67,0.05,-30.4,652,0.001,530
0.04849717,153469,243.995697538,1790865440.462359,283.75,0.05,-29.88,652,0.001,531
0.21174683,156740,248.996910504,1790865445.909132,297.74,0.05,-28.42,651,0.001,533
0.11946472,157971,253.998292955,1790865447.9576194,304.74,0.05,-27.35,650,0.001,534
0.13392587,159431,253.998365423,1790865450.3779712,311.09,0.05,-26.88,650,0.001,535
0.15336502,161382,253.998457334,1790865453.6271894,309.53,0.05,-26.37,649,0.001,537
0.107240595,162229,258.999486744,1790865455.015053,303.7,0.05,-27.06,649,0.001,538
0.12787196,163433,258.999579973,1790865457.0023518,299.66,0.05,-27.67,649,0.001,539
0.089371026,165326,264.000824673,1790865460.0963545,298.32,0.05,-27.35,648,0.001,541
0.061145976,166505,264.000907341,1790865462.0073373,291.98,0.05,-27.3,648,0.001,542
0.084306836,167552,264.001013976,1790865463.7502913,288.8,0.05,-27.48,648,0.001,543
0.030417617,168260,269.005321483,1790865464.949199,285.93,0.05,-27.53,647,0.001,544
0.12365623,169979,274.006443394,1790865467.8230283,294.74,0.05,-26.53,647,0.001,545
0.26704842,171574,274.006513955,1790865470.4497926,299.48,0.05,-26.33,646,0.001,546
0.10479383,172455,274.006625164,1790865471.9366922,297.95,0.05,-26.32,646,0.001,547
0.15526783,173497,279.007573292,1790865473.6850898,300.21,0.05,-25.31,646,0.001,548
0.07442169,176481,279.007704071,1790865478.7225492,298.52,0.05,-23.89,645,0.001,550
0.11147612,179088,284.008691075,1790865483.0656483,302.74,0.05,-24.16,644,0.001,552
0.12816486,180017,284.008784291,1790865484.6259038,301.21,0.05,-24.41,644,0.001,553
0.020870699,180277,289.010284057,1790865485.0662675,294.02,0.05,-24.91,644,0.001,554
0.2842054,181544,289.010354498,1790865487.1872082,292.87,0.05,-24.25,643,0.001,555
0.27783808,185023,294.011368781,1790865492.9980922,282.83,0.05,-24.86,642,0.001,558
0.07910169,186770,299.012686942,1790865495.936265,273.39,0.05,-25.45,642,0.001,560
0.29526594,187797,299.012769446,1790865497.6508543,280.17,0.05,-24.76,642,0.001,561
0.31307656,189271,304.014265842,1790865500.0896184,278.89,0.05,-25.34,641,0.001,562
0.07112194,191903,309.015603378,1790865504.5320604,284.7,0.05,-23.21,641,0.001,564
0.16144979,194386,309.015865895,1790865508.6544325,290.6,0.05,-22.32,640,0.001,566
0.45203403,194866,314.016875163,1790865509.4436169,283.61,0.05,-23.13,640,0.001,567
0.076209106,195670,314.016954113,1790865510.7754157,281.18,0.05,-23.58,640,0.001,568
0.120425336,196646,314.017017694,1790865512.402342,283.86,0.05,-23.59,640,0.001,569
0.037141044,200418,319.018215746,1790865518.6758714,269.21,0.05,-24.89,639,0.001,573
0.13426903,201199,324.019860359,1790865519.980211,265.18,0.05,-25.93,639,0.001,574
0.5309859,202629,324.019983618,1790865522.3518994,254.33,0.05,-27.44,638,0.001,576
0.03271321,204051,329.020638086,1790865524.7294703,249.63,0.05,-27.59,638,0.001,577
0.035505977,205614,329.020718871,1790865527.348028,255.97,0.05,-28.23,638,0.001,578
0.0339318,207529,334.02243326,1790865530.5785346,259.85,0.05,-27.49,637,0.001,580
0.038392566,209154,334.022481021,1790865533.2956169,265.9,0.05,-26.67,637,0.001,581
0.100027874,210163,339.023777965,1790865534.982816,264.75,0.05,-26.91,637,0.001,582
0.061879914,210776,339.02385982,1790865536.0029054,257.53,0.05,-28.34,637,0.001,583
0.13436648,211344,339.023950697,1790865536.9440758,249.96,0.05,-29.6,637,0.001,584
0.1078251,212061,339.024060749,1790865538.1489747,252.91,0.05,-29.5,636,0.001,585
0.112541676,213329,344.025602818,1790865540.2828684,255.32,0.05,-29.15,636,0.001,586
0.05596561,215521,349.027193191,1790865543.9750016,249.66,0.05,-31.17,636,0.001,588
0.07548075,216908,349.027278369,1790865546.2781115,250.05,0.05,-30.41,636,0.001,589
0.082949385,218063,349.027327933,1790865548.2021441,247.21,0.05,-31.48,635,0.001,590
0.04827383,219327,354.028485531,1790865550.320544,249.41,0.05,-31.43,635,0.001,591
0.03216111,221494,354.028742272,1790865553.902567,248.48,0.05,-30.93,635,0.001,594
0.1022675,222127,359.029677693,1790865554.9608603,249.72,0.05,-30.34,635,0.001,595
0.29161048,225862,364.031644328,1790865561.2259035,246.63,0.05,-29.53,634,0.001,599
0.03173385,228779,369.032491991,1790865566.0736828,247.28,0.05,-29.72,634,0.001,602
0.06878351,229330,369.032566359,1790865566.9840946,237.16,0.05,-30.07,633,0.001,603
0.28868976,231081,374.033991907,1790865569.903849,243.69,0.05,-29.33,633,0.001,604
0.039504673,233733,374.0341448,1790865574.3060575,245.79,0.05,-28.6,633,0.001,606
0.057115246,234279,379.035714596,1790865575.2132943,241.16,0.05,-28.94,633,0.001,607
0.029936992,235033,379.035880415,1790865576.47722,242.57,0.05,-28.52,633,0.001,608
0.061052922,236308,384.036570187,1790865578.6037118,249.64,0.05,-26.97,632,0.001,609
0.03829093,238292,384.036652451,1790865581.9158432,262.31,0.05,-25.38,632,0.001,610
1.9077921,239994,389.037568295,1790865584.7624168,252.29,0.05,-25.58,632,0.001,612
0.08751919,240888,389.037687324,1790865586.2657106,253.67,0.05,-24.86,632,0.001,613
0.2974148,243153,394.038799613,1790865590.0477512,250.9,0.05,-25.89,631,0.001,615
0.02968483,244105,394.038882807,1790865591.620597,247.78,0.05,-26.22,631,0.001,616
0.03679456,246811,399.040140159,1790865596.1469166,256.62,0.05,-25.48,631,0.001,618
0.29968497,247429,399.04018848,1790865597.1907802,259.35,0.05,-25.47,631,0.001,619
0.04227974,248224,399.040236321,1790865598.5158522,260.97,0.05,-25.67,631,0.001,620
0.53600115,249150,404.041460582,1790865600.0445383,266.52,0.05,-25.35,631,0.001,621
0.082558274,250059,404.041543503,1790865601.5530987,262.28,0.05,-25.8,630,0.001,622
0.023997603,250865,404.041737737,1790865602.9234734,257.2,0.05,-27.48,630,0.001,623
0.012078386,252216,409.042616371,1790865605.1624415,263.54,0.05,-27.2,630,0.001,624
0.03188497,254309,409.042762576,1790865608.6450927,262.51,0.05,-26.46,630,0.001,626
0.016773887,254904,414.044575235,1790865609.6280951,261.25,0.05,-26.14,630,0.001,627
0.14932214,256429,414.044749327,1790865612.1723876,253.48,0.05,-25.72,630,0.001,629
0.09659334,259736,419.046258694,1790865617.675427,254.57,0.05,-25.39,629,0.001,632
0.048135713,260609,424.047738872,1790865619.1098392,255.76,0.05,-25.18,629,0.001,633
0.013618173,261762,424.047814364,1790865620.9858868,254.54,0.05,-25.4,629,0.001,634
0.036976263,262756,424.047860248,1790865622.6363251,244.64,0.05,-26.9,629,0.001,635
0.082769,263419,429.049105659,1790865623.7151763,243.61,0.05,-27.48,629,0.001,636
0.017523983,265134,429.04918113,1790865626.5637782,251.4,0.05,-26.77,629,0.001,637
1.997737,266393,434.050012839,1790865628.6494443,255.05,0.05,-27.05,629,0.001,638
0.026193868,268395,434.050153504,1790865631.9296532,252.42,0.05,-27.41,629,0.001,640
0.022297056,269654,439.05173404,1790865634.0125895,255.49,0.05,-26.93,628,0.001,641
0.029089436,270688,439.051806265,1790865635.7041938,248.56,0.05,-26.65,628,0.001,642
0.017063275,271542,439.051857219,1790865637.101689,247.31,0.05,-26.5,628,0.001,643
0.05170901,272371,444.053106132,1790865638.4642475,249.42,0.05,-25.91,628,0.001,644
0.023013115,273790,444.053187999,1790865640.8109617,255.66,0.05,-25.11,628,0.001,645
0.034069624,274754,444.053236094,1790865642.4292483,256.04,0.05,-24.74,628,0.001,646
1.4000424,275940,449.05422705,1790865644.4157658,258.81,0.05,-23.99,628,0.001,647
0.01457791,278273,449.054349388,1790865648.2878597,260.57,0.05,-24.58,628,0.001,649
0.025302809,279219,454.055759961,1790865649.8558426,254.23,0.05,-25.86,627,0.001,650
0.30072808,280484,454.055871696,1790865651.9706278,261.75,0.05,-23.5,627,0.001,651
0.013645233,282997,459.056877377,1790865656.1774359,275.77,0.05,-22.71,627,0.001,653
0.016526219,284734,464.057820122,1790865659.0885203,267.19,0.05,-24.09,627,0.001,655
0.3126791,287079,464.057944157,1790865663.0114803,273.43,0.05,-24.51,627,0.001,657
0.022608668,288937,469.058645751,1790865666.1170094,271.75,0.05,-24.72,626,0.001,659
0.019470535,290653,474.059564232,1790865668.9924254,278.97,0.05,-22.98,626,0.001,660
0.029864486,292240,474.059618059,1790865671.658682,288.21,0.05,-21.91,626,0.001,661
0.026372373,293034,474.059775726,1790865672.984993,279.0,0.05,-22.02,626,0.001,662
0.084209315,293798,479.060463912,1790865674.2439923,274.05,0.05,-22.32,626,0.001,663
0.025579507,295036,479.060561303,1790865676.3236613,272.26,0.05,-22.84,626,0.001,664
0.028356943,296873,479.060687706,1790865679.4132473,272.19,0.05,-22.35,626,0.001,666
0.02223729,297345,484.061795916,1790865680.1948543,266.57,0.05,-23.06,626,0.001,667
0.04139568,299828,489.063587337,1790865684.3391767,274.57,0.05,-22.91,625,0.001,669
0.03050156,300744,489.063667301,1790865685.8919528,269.54,0.05,-23.3,625,0.001,670
0.022088457,301938,489.063713989,1790865687.8746557,271.84,0.05,-22.68,625,0.001,671
0.033772316,303251,494.064575627,1790865690.054132,273.11,0.05,-23.09,625,0.001,672
0.039831042,305037,494.064763013,1790865693.0364106,267.64,0.05,-23.05,625,0.001,674
0.037105568,306300,499.066569644,1790865695.1474392,258.16,0.05,-25.75,625,0.001,676
0.032522053,307666,499.066646812,1790865697.4312131,258.11,0.05,-25.4,625,0.001,677
0.020788578,309496,504.068027697,1790865700.4810524,247.62,0.05,-26.9,624,0.001,680
0.16101563,312188,509.068798227,1790865705.0094519,251.09,0.05,-26.05,624,0.001,682
0.026315024,312952,509.068882015,1790865706.293581,256.09,0.05,-25.36,624,0.001,683
0.046574228,314323,509.068975737,1790865708.6155543,236.7,0.05,-27.02,624,0.001,685
0.023158312,315321,514.070449416,1790865710.281198,230.81,0.05,-27.41,624,0.001,686
0.018930368,317743,519.071563109,1790865714.3178673,239.45,0.05,-26.19,624,0.001,688
0.03997954,319348,519.071768387,1790865717.006996,230.04,0.05,-25.31,624,0.001,690
0.033650734,321165,524.073178007,1790865720.0059483,238.2,0.05,-25.76,623,0.001,692
0.023660187,322561,524.073288732,1790865722.3267884,238.0,0.05,-25.33,623,0.001,693
0.027114525,323858,524.073331819,1790865724.4859304,240.3,0.05,-25.13,623,0.001,694
0.05478131,324333,529.073858186,1790865725.288239,235.89,0.05,-25.94,623,0.001,695
0.55457944,324889,529.073931127,1790865726.2225888,229.51,0.05,-26.93,623,0.001,696
0.032789357,326554,529.074028908,1790865729.0016997,223.05,0.05,-26.53,623,0.001,698
0.24106865,327839,534.075207907,1790865731.156611,223.67,0.05,-25.2,623,0.001,700
0.02161963,328966,534.075258331,1790865733.0250416,226.66,0.05,-25.67,623,0.001,701
0.025138918,329580,539.07663026,1790865734.0456917,219.14,0.05,-26.52,623,0.001,702
0.013663778,330664,539.076688038,1790865735.8318443,226.08,0.05,-25.85,623,0.001,703
0.028435085,331805,539.076718785,1790865737.7438583,230.07,0.05,-25.77,623,0.001,704
0.03456331,332601,544.078288752,1790865739.0749233,231.05,0.05,-25.86,623,0.001,705
0.040733606,333518,544.078404177,1790865740.6061842,226.38,0.05,-27.14,622,0.001,706
0.02046068,334511,544.078492395,1790865742.2479544,223.23,0.05,-27.43,622,0.001,707
0.0316568,335522,544.078575916,1790865743.950937,225.7,0.05,-27.03,622,0.001,708
0.047183894,336115,549.079015976,1790865744.949368,225.62,0.05,-27.11,622,0.001,709
0.06402099,337609,549.079081694,1790865747.4439554,232.86,0.05,-27.73,622,0.001,710
0.015267529,339107,554.080439235,1790865749.9352543,229.4,0.05,-27.97,622,0.001,712
0.032943193,340595,554.080531782,1790865752.4198632,228.52,0.05,-29.2,622,0.001,713
0.028757475,341918,559.08203466,1790865754.6179633,230.82,0.05,-27.07,622,0.001,714
0.19468816,342710,559.082140779,1790865755.9303408,233.62,0.05,-28.46,622,0.001,715
0.8685815,344557,559.082232453,1790865758.9848557,233.92,0.05,-28.9,622,0.001,717
0.029114595,345111,564.083577864,1790865759.907015,225.5,0.05,-29.89,622,0.001,718
0.051277332,346150,564.083641583,1790865761.644078,222.92,0.05,-29.97,622,0.001,719
0.33767384,347338,569.084944404,1790865763.5887523,230.05,0.05,-29.38,622,0.001,720
0.035401214,348732,569.085017856,1790865765.8993726,238.43,0.05,-28.13,622,0.001,721
0.02735476,350094,569.085068526,1790865768.164146,244.97,0.05,-28.51,621,0.001,722
0.05885791,351430,574.085913529,1790865770.3717365,248.76,0.05,-26.75,621,0.001,723
0.28979227,353978,579.086999158,1790865774.5843008,261.39,0.05,-26.63,621,0.001,725
0.055092767,354913,579.087073195,1790865776.1023839,259.47,0.05,-26.27,621,0.001,726
0.053253327,355987,584.088431169,1790865777.8626852,264.07,0.05,-26.16,621,0.001,727
0.023561522,357919,584.088509877,1790865781.0441647,272.55,0.05,-24.86,621,0.001,728
0.11982879,360036,589.089245365,1790865784.5802908,274.35,0.05,-24.03,621,0.001,730
0.067688525,361550,589.089339113,1790865787.0995681,280.32,0.05,-23.21,621,0.001,731
0.07891422,362977,594.090633897,1790865789.4271076,284.66,0.05,-22.85,621,0.001,732
0.09132139,364058,594.090711632,1790865791.2229555,285.36,0.05,-23.85,621,0.001,733
0.12192052,365010,594.09118433,1790865792.766009,288.95,0.05,-22.96,621,0.001,734
0.10466575,365628,599.096506912,1790865793.7952387,280.19,0.05,-23.44,621,0.001,735
0.09812212,366732,599.096638201,1790865795.5975301,283.53,0.05,-23.72,621,0.001,736
0.34775847,368138,599.096877042,1790865797.943118,275.43,0.05,-24.46,621,0.001,738
0.02541053,368951,604.098447978,1790865799.2911265,270.33,0.05,-26.45,621,0.001,739
0.07240771,369677,604.098552366,1790865800.5092885,269.67,0.05,-26.45,621,0.001,740
0.09572163,370062,604.098602187,1790865801.14465,266.16,0.05,-26.41,621,0.001,741
0.29960242,371507,604.098653144,1790865803.5373144,269.5,0.05,-26.06,620,0.001,742
0.14186373,373723,609.100819944,1790865807.1585236,275.73,0.05,-25.1,620,0.001,744
0.06829249,377027,614.102995717,1790865812.1955984,269.33,0.05,-25.23,621,0.001,747
0.07089895,378617,619.103600251,1790865814.8394845,271.87,0.05,-25.98,621,0.001,748
0.028615408,379789,619.103693129,1790865816.7723782,273.33,0.05,-26.19,621,0.001,749
0.40585288,382634,624.105315045,1790865821.4572833,277.21,0.05,-25.69,620,0.001,751
0.016722055,382928,624.105435124,1790865821.9449346,269.41,0.05,-26.4,620,0.001,752
0.02737873,384043,624.105517418,1790865823.8053493,261.24,0.05,-26.28,620,0.001,753
0.030720461,386095,629.107393742,1790865827.2302983,245.45,0.05,-28.1,620,0.001,756
0.05338294,388773,634.108605472,1790865831.6134725,247.15,0.05,-27.26,620,0.001,758
0.27850908,390423,639.109666273,1790865834.2953122,254.13,0.05,-27.44,620,0.001,759
0.1192284,391153,639.109765755,1790865835.499778,255.25,0.05,-27.73,620,0.001,760
0.035672225,392211,639.109840819,1790865837.233445,254.79,0.05,-27.39,620,0.001,761
0.028331446,392751,639.109919518,1790865838.1297402,258.18,0.05,-26.75,620,0.001,762
0.112473324,393713,644.11048373,1790865839.7124636,255.75,0.05,-27.67,620,0.001,763
0.050808355,395432,644.110607465,1790865842.521028,257.55,0.05,-27.66,620,0.001,765
0.06811914,396501,649.111050788,1790865844.274695,264.39,0.05,-26.67,620,0.001,766
0.030323386,399974,654.112894852,1790865850.0044065,262.51,0.05,-26.13,620,0.001,769
0.14406975,400875,654.11297019,1790865851.4992497,256.08,0.05,-26.59,620,0.001,770
0.03994753,402328,654.113034305,1790865853.9059234,263.89,0.05,-26.28,620,0.001,771
0.15353474,403108,659.113683485,1790865855.1966987,260.81,0.05,-27.08,620,0.001,772
0.16465722,404136,659.113762136,1790865856.8873067,255.19,0.05,-27.91,620,0.001,773
0.27941748,404738,659.113810214,1790865857.9021366,249.49,0.05,-28.54,620,0.001,774
0.32033673,405424,664.115561203,1790865859.0434535,242.08,0.05,-29.32,620,0.001,775
0.022127692,406938,664.115699703,1790865861.5701263,243.04,0.05,-30.12,620,0.001,776
0.028627012,409200,669.116873704,1790865865.2695465,251.57,0.05,-30.04,619,0.001,778
0.028133623,409801,669.116949688,1790865866.2759473,248.52,0.05,-30.49,619,0.001,779
0.07302504,412529,674.118466431,1790865870.8127055,252.95,0.05,-30.32,619,0.001,782
0.025253294,413836,674.118519192,1790865872.935607,250.63,0.05,-30.25,619,0.001,783
0.028333452,415871,679.119805852,1790865876.3094382,247.18,0.05,-29.97,619,0.001,785
0.046043865,417490,684.120868604,1790865878.9798758,252.79,0.05,-28.99,619,0.001,786
0.044941507,418518,684.120961049,1790865880.6893494,257.67,0.05,-28.85,619,0.001,787
0.053390138,418766,684.12100796,1790865881.1048553,250.53,0.05,-28.95,619,0.001,788
0.067878135,421072,689.121759916,1790865884.9058228,256.4,0.05,-27.37,619,0.001,790
0.017706212,422007,689.121849404,1790865886.463207,255.06,0.05,-27.98,619,0.001,791
0.049629804,422803,689.121909415,1790865887.6783593,248.13,0.05,-29.66,619,0.001,792
0.03601615,424070,694.122510249,1790865889.5444512,252.72,0.05,-28.39,619,0.001,793
0.016147807,424888,694.122587451,1790865890.738091,249.14,0.05,-29.19,619,0.001,794
0.2751089,429326,699.124321691,1790865897.1966162,262.18,0.05,-27.35,620,0.001,797
0.037704334,433506,704.125404512,1790865903.3345132,280.82,0.05,-25.58,620,0.001,800
0.026215088,435486,709.126112947,1790865906.2157028,270.35,0.05,-25.35,621,0.001,802
0.29140854,436676,709.126158928,1790865907.9829357,274.76,0.05,-25.05,621,0.001,803
0.072055995,437437,714.127680997,1790865909.0985515,276.36,0.05,-24.86,621,0.001,804
0.054882616,440080,714.127820233,1790865912.9372623,283.44,0.05,-24.12,621,0.001,806
0.037744135,440545,714.127862917,1790865913.617291,280.16,0.05,-24.27,621,0.001,807
0.028321225,440984,719.129422519,1790865914.2548656,271.48,0.05,-25.33,621,0.001,808
0.061824877,442335,719.129551254,1790865916.2400594,264.64,0.05,-26.34,622,0.001,810
0.031227373,443383,719.129598882,1790865917.7904441,258.93,0.05,-27.47,622,0.001,811
0.057648093,445160,724.130783394,1790865920.3888311,266.42,0.05,-25.78,622,0.001,812
0.29223764,445799,724.130861202,1790865921.3255298,270.33,0.05,-25.68,622,0.001,813
0.04279605,447252,724.130908223,1790865923.4255655,275.03,0.05,-25.88,622,0.001,814
0.031213136,449222,729.132336539,1790865926.3123791,272.15,0.05,-25.28,622,0.001,816
0.044558324,449974,729.132384529,1790865927.3969247,271.71,0.05,-25.48,623,0.001,817
0.019654933,451326,734.133822781,1790865929.3506932,272.56,0.05,-25.68,623,0.001,818
0.031641662,452191,734.133934526,1790865930.6388652,273.03,0.05,-25.68,623,0.001,819
0.03524811,453888,734.133977477,1790865933.1293473,272.48,0.05,-26.17,623,0.001,820
0.050683357,454313,734.134094569,1790865933.7649145,261.09,0.05,-27.73,623,0.001,821
0.10142342,455276,739.135355202,1790865935.1743917,259.5,0.05,-28.18,623,0.001,822
0.02099698,456574,739.13544215,1790865937.0761583,259.86,0.05,-28.25,623,0.001,823
0.04681139,458443,744.136867935,1790865940.1078293,265.57,0.05,-26.86,623,0.001,824
0.26063433,459834,744.1369443,1790865942.3850033,263.28,0.05,-26.2,623,0.001,825
0.11200921,461394,749.138421111,1790865944.9489965,267.09,0.05,-25.97,623,0.001,826
0.3045672,462429,749.138472738,1790865946.654849,269.43,0.05,-26.59,623,0.001,827
0.07608123,464956,754.13949471,1790865950.8233826,259.09,0.05,-27.68,623,0.001,830
0.09417592,466123,754.139545294,1790865952.7458928,260.43,0.05,-27.12,623,0.001,831
0.057768285,466688,754.139598511,1790865953.6728427,261.43,0.05,-27.05,623,0.001,832
0.07136689,467582,759.141039083,1790865955.1459484,265.98,0.05,-26.73,623,0.001,833
0.020463027,468428,759.141116655,1790865956.5507796,264.9,0.05,-26.55,623,0.001,834
0.10413264,469472,764.141698616,1790865958.2962978,271.37,0.05,-26.13,623,0.001,835
1.5627754,471703,764.141829868,1790865961.996012,265.43,0.05,-27.54,623,0.001,837
0.2674814,474443,769.143042265,1790865966.5646994,271.91,0.05,-26.14,623,0.001,839
0.04660815,475947,774.144333534,1790865969.2291708,279.48,0.05,-26.27,622,0.001,840
0.03087344,477517,774.144413942,1790865971.9418726,282.95,0.05,-26.43,622,0.001,841
0.045775257,478246,774.144463236,1790865973.130954,282.72,0.05,-26.46,622,0.001,842
0.026869541,481537,784.146612006,1790865978.5628815,293.46,0.05,-24.33,622,0.001,844
0.016676938,482948,784.146693093,1790865980.8796976,290.6,0.05,-23.99,622,0.001,845
0.28313476,484007,784.146737158,1790865982.6561131,296.94,0.05,-23.29,622,0.001,846
0.034727804,487038,789.148174477,1790865987.7227445,304.64,0.05,-21.5,622,0.001,848
0.03746596,488117,794.149323473,1790865989.491451,296.74,0.05,-22.47,622,0.001,849
0.020916838,489391,794.149404861,1790865991.5989258,295.57,0.05,-23.45,622,0.001,850
0.12917852,490360,799.150811014,1790865993.1888995,289.66,0.05,-23.89,622,0.001,851
0.27673814,491918,799.150893716,1790865995.7668166,294.89,0.05,-22.5,622,0.001,852
0.079856575,492994,799.150937986,1790865997.5582604,295.55,0.05,-22.52,622,0.001,853
0.27764288,493897,804.152429538,1790865999.0526936,297.16,0.05,-21.82,622,0.001,854
0.13018826,494997,804.152503186,1790866000.90826,300.41,0.05,-22.18,622,0.001,855
0.03663852,497225,809.155618125,1790866004.5441236,305.37,0.05,-21.46,622,0.001,857
0.0073559987,498890,809.155732614,1790866007.2938244,313.08,0.05,-20.48,622,0.001,858
0.064335965,500756,814.156629478,1790866010.444742,312.84,0.05,-20.75,621,0.001,860
0.015377483,502140,814.156702639,1790866012.7385275,309.31,0.05,-22.07,621,0.001,861
0.035514243,503063,819.157678632,1790866014.2855847,313.6,0.05,-21.57,621,0.001,862
0.014347117,504683,819.157759393,1790866016.9819188,312.57,0.05,-21.93,621,0.001,863
0.015854133,505680,824.159420769,1790866018.625548,312.37,0.05,-22.54,621,0.001,864
0.30952317,508666,829.16068065,1790866023.5808697,311.49,0.05,-21.7,621,0.001,866
0.27842692,509877,829.160768069,1790866025.6103063,316.31,0.05,-21.52,621,0.001,867
0.018812608,510901,829.16081471,1790866027.3323092,312.39,0.05,-22.43,621,0.001,868
0.37880707,511841,829.160859847,1790866028.8855035,303.04,0.05,-23.58,621,0.001,869
0.023827381,512503,834.161374446,1790866029.9536333,295.55,0.05,-24.65,621,0.001,870
0.03235864,514977,834.161609131,1790866034.0413265,297.82,0.05,-24.72,621,0.001,872
0.08990508,516920,839.163064669,1790866037.2698116,288.03,0.05,-26.2,621,0.001,874
0.07646397,517997,839.163176048,1790866039.0553138,286.06,0.05,-25.9,621,0.001,875
0.03589819,519636,844.164846909,1790866041.746444,277.18,0.05,-27.86,621,0.001,877
0.027614322,520455,849.166280357,1790866043.0901558,274.61,0.05,-27.74,621,0.001,878
0.2749231,521956,849.166364716,1790866045.5731535,280.59,0.05,-27.54,621,0.001,879
0.029633638,523990,849.166466388,1790866048.9286163,278.46,0.05,-27.4,621,0.001,881
0.03522208,524865,854.167591434,1790866050.3806722,276.4,0.05,-27.66,621,0.001,882
1.7419038,525740,854.167662422,1790866051.8138077,268.5,0.05,-28.27,621,0.001,883
0.021073416,527384,859.168850918,1790866054.5303094,273.93,0.05,-27.58,620,0.001,884
0.13362981,528371,859.169019681,1790866056.138788,276.15,0.05,-27.74,620,0.001,885
0.027072595,529188,859.169091082,1790866057.486996,270.48,0.05,-27.55,620,0.001,886
0.060124084,530522,864.169771385,1790866059.6950126,258.39,0.05,-27.96,620,0.001,888
0.021742769,531669,864.169850744,1790866061.6385107,259.89,0.05,-26.33,620,0.001,889
0.023700235,533225,864.169898855,1790866064.3230433,255.45,0.05,-27.91,620,0.001,890
0.045837767,533806,869.171183337,1790866065.3129666,251.4,0.05,-28.78,620,0.001,891
0.020343129,535363,869.171295506,1790866067.985571,244.62,0.05,-29.93,620,0.001,893
0.030106163,535987,874.172761574,1790866069.0636587,241.46,0.05,-30.44,620,0.001,894
0.023963457,538815,879.17422375,1790866073.9084437,248.99,0.05,-28.32,620,0.001,896
0.9388096,540665,879.17438272,1790866077.1033795,250.14,0.05,-28.34,620,0.001,898
0.20358825,542238,884.175919571,1790866079.7083187,242.41,0.05,-28.55,620,0.001,900
0.012167126,543490,884.175977918,1790866081.7826312,247.37,0.05,-29.12,620,0.001,901
0.09011909,544923,889.176625481,1790866084.1593764,252.87,0.05,-28.38,619,0.001,902
0.058842637,546089,889.176710445,1790866086.102085,256.34,0.05,-28.09,619,0.001,903
0.045009047,547727,894.178145859,1790866088.8052533,257.71,0.05,-27.39,619,0.001,904
0.040281564,549376,894.178318809,1790866091.541462,262.63,0.05,-27.36,619,0.001,905
0.03442686,550294,894.178372043,1790866093.064192,263.04,0.05,-26.76,619,0.001,906
0.025004365,551676,899.179848298,1790866095.3606768,268.11,0.05,-26.15,619,0.001,907
0.020224452,554475,904.181251886,1790866100.0233464,270.91,0.05,-26.48,619,0.001,909
0.020956373,555505,904.181291671,1790866101.749056,271.34,0.05,-26.21,619,0.001,910
0.02049536,556797,904.181351675,1790866103.9102583,276.09,0.05,-24.87,619,0.001,911
0.06744216,557393,909.182595513,1790866104.9080544,277.62,0.05,-24.27,619,0.001,912
0.05558063,558222,909.182669352,1790866106.301672,277.0,0.05,-25.12,619,0.001,913
0.01611051,559547,914.183439778,1790866108.5050862,278.78,0.05,-25.86,619,0.001,914
0.05350719,561268,914.183517883,1790866111.3553119,280.43,0.05,-25.08,619,0.001,915
0.060733326,561886,914.183622215,1790866112.3985229,280.8,0.05,-24.54,619,0.001,916
0.027024847,562304,914.183670999,1790866113.1137197,275.24,0.05,-24.63,619,0.001,917
0.2844641,563259,919.184865841,1790866114.754916,278.96,0.05,-23.83,619,0.001,918
0.05129779,564651,919.184986703,1790866117.183862,286.64,0.05,-23.61,619,0.001,919
0.017761419,566001,924.185528861,1790866119.544877,282.38,0.05,-24.12,619,0.001,920
1.2682908,567202,924.185601379,1790866121.6083007,283.87,0.05,-24.72,618,0.001,921
0.029113308,567974,924.185645789,1790866122.9495628,280.62,0.05,-25.39,618,0.001,922
0.13253714,568605,924.185689657,1790866124.0359166,279.4,0.05,-25.15,618,0.001,923
0.020840257,571050,929.186680665,1790866128.276518,288.12,0.05,-23.93,618,0.001,925
0.28456536,571772,934.188297246,1790866129.5064414,282.82,0.05,-23.09,618,0.001,926
0.023789238,572980,934.188379464,1790866131.5197,280.57,0.05,-23.53,618,0.001,927
0.05898436,575872,939.189853985,1790866136.3309932,281.45,0.05,-23.95,618,0.001,929
0.039872,577276,944.190492936,1790866138.6578007,279.0,0.05,-23.97,618,0.001,930
0.031380087,578440,944.190574904,1790866140.5933547,281.46,0.05,-23.78,618,0.001,931
0.05334458,586932,959.194531671,1790866154.6101162,273.85,0.05,-23.53,618,0.001,939
0.04024456,589236,959.194656166,1790866158.425571,273.5,0.05,-23.1,618,0.001,941
0.48294175,590903,964.195577784,1790866161.197193,276.44,0.05,-21.88,618,0.001,943
0.03169232,591675,964.195622165,1790866162.4579926,270.24,0.05,-21.68,618,0.001,944
0.022191063,592589,964.195668289,1790866163.9652894,265.88,0.05,-22.74,618,0.001,945
0.056299277,593217,969.196735018,1790866165.00748,260.15,0.05,-23.14,618,0.001,946
0.10054164,594296,969.196806979,1790866166.7825446,263.22,0.05,-22.54,618,0.001,947
0.009121625,597073,974.198363247,1790866171.38123,260.23,0.05,-24.04,617,0.001,950
0.034739554,598121,974.198409521,1790866173.1604,263.49,0.05,-23.94,617,0.001,951
0.31405535,599505,979.199625521,1790866175.4486647,265.25,0.05,-23.66,617,0.001,952
0.30067167,600264,979.199709536,1790866176.7123811,259.36,0.05,-25.05,617,0.001,953
0.014625216,600946,979.199757186,1790866177.8507812,250.74,0.05,-25.73,617,0.001,954
0.065161,601593,979.19980241,1790866178.9256248,243.17,0.05,-26.61,617,0.001,955
0.028025744,602290,984.200938072,1790866180.083786,238.5,0.05,-27.29,617,0.001,956
0.023173517,603023,984.20102164,1790866181.3059373,228.57,0.05,-28.7,617,0.001,957
0.018317504,603666,984.201069454,1790866182.3749425,226.7,0.05,-28.46,617,0.001,958
0.036138814,605386,989.202963741,1790866185.2023737,234.92,0.05,-28.16,617,0.001,959
0.2582295,606518,989.203079936,1790866187.0891278,235.62,0.05,-28.37,617,0.001,960
0.042074442,607545,994.203541667,1790866188.7810905,234.9,0.05,-28.99,617,0.001,961
0.01740897,609199,994.203678165,1790866191.5154922,243.8,0.05,-27.32,617,0.001,962
0.060509037,609766,994.203835645,1790866192.4694746,240.42,0.05,-27.31,617,0.001,963
0.04911243,611290,999.20497329,1790866194.9736106,243.58,0.05,-26.46,617,0.001,964
0.015886292,611841,999.205050852,1790866195.8883076,237.47,0.05,-27.2,617,0.001,965
0.075441405,613182,999.20510259,1790866198.1078734,239.46,0.05,-27.71,617,0.001,966
0.03358092,614259,1004.206125923,1790866199.9046147,233.56,0.05,-29.5,617,0.001,968
0.04389983,615340,1004.206179611,1790866201.6871324,236.65,0.05,-29.49,617,0.001,969
0.30461073,617351,1009.207206309,1790866205.0130298,241.34,0.05,-28.98,617,0.001,971
0.12075451,618813,1009.207282013,1790866207.427167,245.17,0.05,-28.7,617,0.001,972
0.047064792,620036,1014.208256376,1790866209.4655614,247.17,0.05,-27.54,617,0.001,973
0.032191515,620920,1014.208330204,1790866210.931865,245.27,0.05,-28.04,617,0.001,974
0.019400982,622391,1014.208377741,1790866213.3311846,253.18,0.05,-26.86,617,0.001,975
0.3205402,623510,1019.209458305,1790866215.1531787,253.89,0.05,-26.52,617,0.001,976
0.1736943,624886,1019.209503643,1790866217.4080622,253.81,0.05,-26.11,617,0.001,977
0.026503561,626209,1024.211272118,1790866219.6153014,252.63,0.05,-25.19,617,0.001,979
0.04824222,627201,1024.211400858,1790866221.2328694,256.08,0.05,-25.01,617,0.001,980
0.043702394,627991,1024.211461232,1790866222.5297525,257.01,0.05,-25.21,617,0.001,981
0.030401418,630386,1029.212304235,1790866226.5002499,267.2,0.05,-24.66,617,0.001,983
0.039448086,631315,1029.212387296,1790866228.0284915,259.29,0.05,-25.86,617,0.001,984
0.038698614,632123,1034.213816986,1790866229.3788097,256.05,0.05,-26.07,617,0.001,985
0.045993485,633518,1034.213898294,1790866231.6425314,259.73,0.05,-25.19,617,0.001,986
0.015686806,635932,1039.21562581,1790866235.6507351,261.66,0.05,-25.74,617,0.001,988
0.014706041,636868,1039.215668268,1790866237.1819785,255.78,0.05,-27.16,617,0.001,989
0.03481276,638252,1044.216345862,1790866239.445282,264.11,0.05,-25.99,617,0.001,990
0.02040401,642722,1049.217844688,1790866246.8306353,264.57,0.05,-24.53,617,0.001,995
0.173718,642969,1049.217893776,1790866247.24428,256.18,0.05,-25.13,617,0.001,996
0.023699827,643822,1049.218120497,1790866248.6524596,250.09,0.05,-26.41,617,0.001,997
0.009148349,644531,1054.219527506,1790866249.8218524,244.95,0.05,-27.38,617,0.001,998
0.05785942,645079,1054.219602144,1790866250.7254202,241.59,0.05,-26.87,617,0.001,999
0.3023861,649080,1059.221146411,1790866257.2735722,241.94,0.05,-27.13,616,0.001,1002
0.048285536,650593,1064.222090036,1790866259.7701938,250.48,0.05,-26.07,616,0.001,1003
0.024318874,651293,1064.222202228,1790866260.9282753,250.84,0.05,-26.88,616,0.001,1004
0.009321703,652397,1064.222296236,1790866262.7704802,251.96,0.05,-27.41,616,0.001,1005
0.10907083,653544,1069.223060176,1790866264.657897,255.53,0.05,-26.97,616,0.001,1006
0.019253902,655241,1069.223246579,1790866267.4558494,248.55,0.05,-27.95,616,0.001,1008
0.27663732,656177,1074.224236521,1790866269.018088,248.62,0.05,-27.17,616,0.001,1009
0.055924244,657384,1074.224304112,1790866271.0282426,252.61,0.05,-27.05,616,0.001,1010
0.25504228,658449,1079.225277186,1790866272.8184252,249.31,0.05,-27.38,616,0.001,1011
0.019194024,660447,1079.225452553,1790866276.1485271,257.33,0.05,-26.92,616,0.001,1012
0.014349466,661466,1079.225644361,1790866277.8520303,245.98,0.05,-28.26,616,0.001,1014
1.1938568,662757,1084.226870983,1790866279.9673147,245.05,0.05,-28.57,616,0.001,1015
0.016446833,663413,1084.226959974,1790866281.0532513,239.88,0.05,-28.91,616,0.001,1016
0.00854137,666142,1089.228764597,1790866285.5421355,251.26,0.05,-27.16,616,0.001,1019
0.020547515,668055,1094.229656099,1790866288.7139194,250.86,0.05,-28.9,616,0.001,1021
0.26807058,669335,1094.229773697,1790866290.8237486,255.13,0.05,-27.69,616,0.001,1022
0.2511783,670236,1094.229820322,1790866292.3263068,257.05,0.05,-27.08,616,0.001,1023
0.018751731,672225,1099.231309331,1790866295.6258852,258.31,0.05,-28.28,616,0.001,1025
0.059322946,673252,1099.231357155,1790866297.3236,254.43,0.05,-29.75,616,0.001,1026
0.32207075,674476,1099.231406272,1790866299.3570416,253.96,0.05,-29.16,616,0.001,1027
0.043520175,674829,1104.232482992,1790866299.9392328,242.36,0.05,-30.51,616,0.001,1028
0.027234135,675714,1104.232571494,1790866301.3982902,244.21,0.05,-29.91,616,0.001,1029
0.032307357,676298,1104.232618479,1790866302.373327,239.01,0.05,-29.89,616,0.001,1030
0.049592264,677335,1109.233323255,1790866304.1063292,237.91,0.05,-30.57,616,0.001,1031
0.02880929,678984,1109.233406873,1790866306.8385603,244.3,0.05,-28.84,616,0.001,1032
0.038158126,681030,1114.234702254,1790866310.2398243,248.53,0.05,-28.32,616,0.001,1034
0.5217293,682028,1114.234780845,1790866311.8995168,246.44,0.05,-28.92,616,0.001,1035
0.010236156,685491,1119.236124694,1790866317.5913022,244.98,0.05,-29.05,616,0.001,1038
0.29234478,687205,1124.236767773,1790866320.4075353,257.39,0.05,-28.0,616,0.001,1039
0.024678953,688513,1124.236851051,1790866322.5457687,257.56,0.05,-27.65,616,0.001,1040
0.08310484,689258,1124.236902472,1790866323.7848272,258.45,0.05,-27.65,616,0.001,1041
0.018010566,690368,1129.238642498,1790866325.6084702,265.05,0.05,-27.69,616,0.001,1042
0.070699245,691688,1129.238744003,1790866327.784271,266.03,0.05,-28.17,616,0.001,1043
0.26556024,692849,1134.239540892,1790866329.7036517,267.07,0.05,-27.77,616,0.001,1044
0.00967477,694281,1134.239621994,1790866332.095325,272.04,0.05,-27.07,616,0.001,1045
0.40382245,695037,1134.239672301,1790866333.3251162,269.82,0.05,-26.37,616,0.001,1046
0.16086167,695807,1139.240857825,1790866334.5773606,264.72,0.05,-26.99,616,0.001,1047
0.027805855,697173,1139.240933797,1790866336.8300567,269.37,0.05,-26.35,616,0.001,1048
0.028807662,699049,1144.242078483,1790866339.9076195,268.24,0.05,-26.22,616,0.001,1050
0.32235414,700566,1144.242231342,1790866342.4074597,273.14,0.05,-25.03,616,0.001,1051
0.036603592,701906,1149.243227975,1790866344.5768147,274.3,0.05,-25.32,616,0.001,1052
0.033679698,702940,1149.243304281,1790866346.2812207,281.11,0.05,-24.62,616,0.001,1053
0.03372548,704007,1154.244738374,1790866348.050072,282.93,0.05,-24.82,616,0.001,1054
0.014064554,705788,1154.244861024,1790866351.0081775,294.9,0.05,-23.04,615,0.001,1055
0.019937653,708199,1159.246629885,1790866355.0358386,292.15,0.05,-22.35,615,0.001,1057
0.033793923,709206,1159.246711157,1790866356.719777,291.51,0.05,-22.99,615,0.001,1058
0.036567345,710415,1159.246756875,1790866358.7006483,293.85,0.05,-23.79,615,0.001,1059
0.010417934,711128,1159.246875234,1790866359.8906949,291.0,0.05,-23.2,615,0.001,1060
0.024102593,711353,1164.248562863,1790866360.2744246,280.34,0.05,-24.07,615,0.001,1061
0.018291583,714223,1169.250018666,1790866364.958464,270.18,0.05,-24.77,615,0.001,1064
0.023437912,715478,1169.250123015,1790866367.0490181,269.65,0.05,-25.0,615,0.001,1065
0.03962091,716372,1174.251542544,1790866368.5976808,271.14,0.05,-24.9,615,0.001,1066
0.032201394,717827,1174.251764042,1790866371.0993764,274.59,0.05,-23.59,615,0.001,1067
0.2655869,719065,1174.251964365,1790866373.204719,273.77,0.05,-23.45,615,0.001,1068
0.019331895,721754,1184.254780223,1790866377.845565,274.73,0.05,-23.26,615,0.001,1070
0.021089807,725034,1189.256484817,1790866383.4539104,292.27,0.05,-22.3,615,0.001,1072
0.13210912,726403,1189.256580675,1790866385.7885718,292.3,0.05,-22.67,615,0.001,1073
0.027815333,729299,1194.257960848,1790866390.7985716,302.5,0.05,-21.69,615,0.001,1075
0.27167076,730564,1194.258062203,1790866392.9870343,299.98,0.05,-20.29,615,0.001,1076
0.025197156,731943,1199.259681953,1790866395.3395474,300.37,0.05,-20.28,615,0.001,1077
0.014954951,733467,1199.259766055,1790866397.9654984,305.27,0.05,-19.1,614,0.001,1078
0.034601007,736066,1204.261135367,1790866402.288584,302.78,0.05,-18.66,614,0.001,1080
0.5633986,740088,1209.262061172,1790866408.1291819,308.82,0.05,-18.41,615,0.001,1083
0.024705425,743289,1214.263355811,1790866412.8232994,321.61,0.05,-16.47,615,0.001,1085
0.018000325,744740,1219.264277049,1790866414.9675174,333.87,0.05,-15.13,615,0.001,1086
0.012831112,745449,1219.264353008,1790866415.9981036,333.26,0.05,-15.24,615,0.001,1087
0.011348953,747498,1224.265517021,1790866419.0210319,332.75,0.05,-14.55,615,0.001,1089
0.06241935,749632,1224.265640389,1790866422.1647751,332.6,0.05,-15.38,616,0.001,1091
0.0224966,751016,1229.266331259,1790866424.1787934,331.89,0.05,-15.47,616,0.001,1092
0.014889638,753362,1229.266458505,1790866427.6148837,329.06,0.05,-14.99,616,0.001,1094
0.24495079,755716,1234.267410148,1790866431.0339773,321.96,0.05,-15.95,616,0.001,1096
0.0143372,756981,1234.267459319,1790866432.888564,319.47,0.05,-15.77,616,0.001,1097
0.012512792,757968,1234.267506769,1790866434.3093665,315.65,0.05,-15.16,616,0.001,1098
0.015757423,758196,1239.269239254,1790866434.6499765,307.72,0.05,-15.71,616,0.001,1099
0.027908448,759943,1239.269322039,1790866437.179943,306.44,0.05,-15.99,616,0.001,1100
0.023432752,761665,1244.270623238,1790866439.6971986,297.22,0.05,-18.11,617,0.001,1102
0.019897465,763157,1244.270702006,1790866441.916537,296.9,0.05,-19.12,617,0.001,1103
0.029213883,764121,1244.270746597,1790866443.3075006,292.08,0.05,-19.62,617,0.001,1104
0.013847262,766169,1249.272143772,1790866446.3126438,291.94,0.05,-20.27,617,0.001,1106
0.022538627,768030,1249.27223746,1790866449.0301855,279.42,0.05,-22.41,617,0.001,1108
0.2711944,768946,1254.27311226,1790866450.3698454,275.06,0.05,-22.69,617,0.001,1109
0.024323199,770408,1254.273180298,1790866452.5224917,271.19,0.05,-23.38,617,0.001,1110
0.017134514,771298,1254.273228049,1790866453.8292994,265.58,0.05,-24.02,617,0.001,1111
0.0420443,772044,1259.274045943,1790866454.920611,265.95,0.05,-24.41,617,0.001,1112
0.027930148,772545,1259.274217297,1790866455.657036,255.82,0.05,-26.19,617,0.001,1113
0.017065257,773802,1259.274340003,1790866457.4930255,263.04,0.05,-24.9,617,0.001,1114
0.018652758,774816,1264.27601791,1790866458.9693856,259.55,0.05,-25.77,618,0.001,1115
0.26053566,777695,1264.276147746,1790866463.13421,266.79,0.05,-23.87,618,0.001,1117
0.01677628,778503,1264.276195891,1790866464.3002706,264.17,0.05,-24.86,618,0.001,1118
0.07358497,779737,1269.276887109,1790866466.110728,250.91,0.05,-26.61,618,0.001,1120
0.007678156,781227,1269.277064982,1790866468.2783556,242.46,0.05,-28.04,618,0.001,1122
0.013147482,781957,1269.277115776,1790866469.3264358,239.89,0.05,-29.66,618,0.001,1123
0.027791679,782808,1274.278201218,1790866470.5653424,246.12,0.05,-28.95,618,0.001,1124
0.015181405,783728,1274.278328503,1790866471.9126031,237.85,0.05,-29.97,618,0.001,1125
0.02550241,784605,1274.278375747,1790866473.209937,238.14,0.05,-30.37,618,0.001,1126
0.04997202,785906,1279.279649148,1790866475.0941203,242.41,0.05,-29.77,618,0.001,1127
0.044684753,786567,1279.279718012,1790866476.0635514,234.1,0.05,-30.2,618,0.001,1128
0.20202884,787535,1279.279764026,1790866477.458347,234.14,0.05,-30.41,619,0.001,1129
0.039685167,788837,1284.280716215,1790866479.3252668,239.27,0.05,-30.17,619,0.001,1130
0.0084754815,790495,1284.280804523,1790866481.7118797,243.26,0.05,-29.6,619,0.001,1131
0.21156266,793042,1289.282450667,1790866485.4790938,250.12,0.05,-28.67,619,0.001,1133
0.010378838,794686,1289.282538538,1790866488.2253282,257.4,0.05,-27.67,619,0.001,1134
0.6150596,795973,1294.283764361,1790866490.3514628,246.75,0.05,-28.5,619,0.001,1136
0.097363755,796461,1294.283844839,1790866491.1672626,244.17,0.05,-28.59,619,0.001,1137
0.055838805,797612,1294.283902357,1790866493.0772946,250.67,0.05,-28.45,619,0.001,1138
0.01290013,798227,1299.284402233,1790866494.09426,244.25,0.05,-29.26,619,0.001,1139
0.06565002,799954,1299.284555646,1790866496.9262857,251.38,0.05,-28.14,619,0.001,1140
0.36865792,802440,1304.286371702,1790866501.00899,247.45,0.05,-29.43,619,0.001,1142
0.0069051604,803783,1304.28641599,1790866503.055286,252.8,0.05,-28.9,619,0.001,1143
0.018662844,804421,1304.286464121,1790866503.9864223,256.9,0.05,-28.71,619,0.001,1144
0.008958543,805412,1309.28792574,1790866505.415071,256.75,0.05,-28.08,619,0.001,1145
0.010959613,808420,1314.288865013,1790866510.254645,271.93,0.05,-26.08,619,0.001,1147
0.058013495,810477,1314.289025612,1790866513.2558544,276.69,0.05,-25.05,619,0.001,1149
0.07367292,811458,1314.289106534,1790866514.6831465,277.3,0.05,-25.12,619,0.001,1150
0.26006016,811998,1319.290484004,1790866515.4802344,273.93,0.05,-24.92,619,0.001,1151
0.07898359,813520,1319.290596237,1790866517.6985295,276.14,0.05,-25.64,619,0.001,1152
0.014016409,815051,1324.292036843,1790866519.9750252,284.84,0.05,-24.36,619,0.001,1153
0.06962982,815834,1324.292095111,1790866521.1322641,282.99,0.05,-23.77,619,0.001,1154
0.048516605,816679,1324.292126392,1790866522.3748934,278.42,0.05,-24.37,620,0.001,1155
0.06430733,817643,1329.29332541,1790866523.7963376,271.48,0.05,-25.75,620,0.001,1156
0.24886546,819100,1329.293409368,1790866525.87648,271.31,0.05,-25.75,620,0.001,1157
0.0107956175,820440,1329.293458072,1790866527.8447368,273.98,0.05,-25.07,620,0.001,1158
0.27399015,821743,1334.295033508,1790866529.7693646,270.57,0.05,-25.39,620,0.001,1159
0.033097282,822618,1334.29511949,1790866531.0523472,275.7,0.05,-25.36,620,0.001,1160
0.01457915,823743,1334.295212785,1790866532.754699,277.7,0.05,-25.34,620,0.001,1161
0.018885773,826657,1339.296722377,1790866537.5398965,284.3,0.05,-24.76,620,0.001,1164
0.031926192,827716,1344.29843621,1790866539.2991102,277.62,0.05,-24.78,620,0.001,1165
0.010421481,828609,1344.298511088,1790866540.8093102,274.3,0.05,-25.02,620,0.001,1166
0.0300124,830956,1344.298693182,1790866544.6792395,271.73,0.05,-24.75,620,0.001,1168
0.09747247,831367,1349.299507804,1790866545.3589022,269.46,0.05,-24.84,620,0.001,1169
0.055047803,832047,1349.299587172,1790866546.5032628,266.35,0.05,-25.05,620,0.001,1170
0.26637676,832812,1349.299637883,1790866547.7671614,260.19,0.05,-25.88,620,0.001,1171
0.5072396,834431,1354.301247702,1790866550.4512427,260.11,0.05,-25.64,620,0.001,1172
0.01637728,835768,1354.301375564,1790866552.5678954,263.33,0.05,-25.6,620,0.001,1173
0.26906112,839521,1359.302480952,1790866558.0251458,260.01,0.05,-25.76,620,0.001,1177
0.015514766,841996,1364.3036765,1790866561.659454,261.62,0.05,-26.8,620,0.001,1179
0.017910238,842319,1364.303721981,1790866562.1358488,256.4,0.05,-26.99,620,0.001,1180
0.009152818,843964,1364.303770316,1790866564.5068638,263.21,0.05,-25.88,620,0.001,1181
0.014006035,846707,1369.304837784,1790866568.5643756,262.67,0.05,-25.09,621,0.001,1183
0.43444693,847939,1374.306083026,1790866570.3574038,261.96,0.05,-25.47,621,0.001,1184
0.0075990255,849396,1374.306171024,1790866572.5427604,267.78,0.05,-24.26,621,0.001,1185
0.032591887,850270,1374.306263489,1790866573.8066082,260.31,0.05,-25.11,621,0.001,1187
0.008046586,850888,1379.307895232,1790866574.7170022,258.16,0.05,-25.3,621,0.001,1188
0.031774737,852140,1379.307974561,1790866576.5565124,254.83,0.05,-25.34,621,0.001,1189
0.025002828,852821,1379.308036829,1790866577.565218,251.05,0.05,-26.61,621,0.001,1190
0.12252365,854481,1384.309073111,1790866580.0034735,258.72,0.05,-26.18,621,0.001,1191
0.026689699,855590,1384.309146257,1790866581.6203048,258.43,0.05,-25.67,621,0.001,1192
0.017321814,856609,1384.309192834,1790866583.1194553,256.53,0.05,-26.52,621,0.001,1193
0.26622066,858041,1389.310446183,1790866585.1912205,266.74,0.05,-25.84,621,0.001,1194
0.30367324,859087,1389.310533464,1790866586.7283077,270.4,0.05,-25.64,621,0.001,1195
0.073474646,861772,1394.311536395,1790866590.6361983,273.41,0.05,-24.88,622,0.001,1197
0.011830412,863364,1394.311699015,1790866592.976459,265.4,0.05,-25.84,622,0.001,1199
0.04368764,865918,1399.312935931,1790866596.6796057,268.15,0.05,-26.36,622,0.001,1201
0.017601063,866917,1399.313000482,1790866598.13068,273.96,0.05,-25.96,622,0.001,1202
0.25443825,868269,1404.314208581,1790866600.1186101,275.49,0.05,-25.43,622,0.001,1203
0.039074767,868808,1404.31429135,1790866600.9026406,268.12,0.05,-25.64,622,0.001,1204
0.0071046175,869979,1404.314420532,1790866602.5921047,276.6,0.05,-24.85,622,0.001,1205
0.009079309,870836,1409.315637625,1790866603.86206,268.72,0.05,-26.04,622,0.001,1206
0.48201793,872367,1409.315740957,1790866606.0826485,276.6,0.05,-25.05,622,0.001,1207
0.018298367,873860,1409.315817444,1790866608.2866142,271.53,0.05,-26.31,622,0.001,1208
0.029770922,874600,1414.316806736,1790866609.4495606,266.61,0.05,-26.65,622,0.001,1209
0.024757233,875433,1414.316894943,1790866610.8174453,260.37,0.05,-27.16,622,0.001,1210
0.041460715,876350,1414.316937824,1790866612.3304949,263.21,0.05,-26.29,622,0.001,1211
0.031210357,877074,1419.318442591,1790866613.5272658,268.04,0.05,-25.99,622,0.001,1212
0.15676947,879847,1424.319135228,1790866618.0946105,277.07,0.05,-25.56,622,0.001,1214
0.061110705,882763,1424.319262104,1790866622.8929174,282.82,0.05,-22.97,622,0.001,1216
0.021372441,884254,1429.320311096,1790866625.3291836,286.64,0.05,-23.19,622,0.001,1217
0.034516692,884880,1429.320358395,1790866626.3563275,282.71,0.05,-23.55,622,0.001,1218
0.026354987,885679,1429.320459272,1790866627.6796472,276.38,0.05,-23.94,622,0.001,1219
0.3101288,888380,1434.322054101,1790866632.189438,281.84,0.05,-24.32,622,0.001,1221
0.044332147,889589,1434.322107878,1790866634.1839864,278.17,0.05,-25.07,622,0.001,1222
0.0330186,890126,1439.323515005,1790866635.0706172,274.8,0.05,-25.14,622,0.001,1223
0.17528751,890816,1439.323589037,1790866636.2070408,274.52,0.05,-25.02,622,0.001,1224
0.26632488,892071,1439.323639688,1790866638.3015826,272.35,0.05,-25.23,622,0.001,1225
0.012215885,894256,1444.325040148,1790866641.899913,273.39,0.05,-24.75,622,0.001,1227
0.24891984,895805,1449.326440989,1790866644.442267,275.36,0.05,-24.17,622,0.001,1228
0.037697706,897348,1449.326505372,1790866647.0092835,285.4,0.05,-22.74,622,0.001,1229
0.29142258,898651,1449.326636586,1790866649.1965458,286.72,0.05,-22.15,622,0.001,1230
0.27350044,899487,1454.329852137,1790866650.5662293,286.51,0.05,-22.66,622,0.001,1231
0.037935212,900807,1454.32993174,1790866652.5292435,284.4,0.05,-22.78,622,0.001,1232
0.03570681,903452,1459.330917419,1790866656.3627033,288.52,0.05,-21.07,622,0.001,1234
0.013048913,904661,1464.332192889,1790866658.1368868,292.28,0.05,-20.96,622,0.001,1235
0.035115875,906559,1464.332246067,1790866660.8901,302.09,0.05,-19.46,622,0.001,1236
0.2880402,907603,1464.332427334,1790866662.3980188,305.29,0.05,-19.07,622,0.001,1237
0.030414322,909093,1469.333411502,1790866664.5563052,306.17,0.05,-19.04,622,0.001,1238
0.278041,910195,1469.333593455,1790866666.1519463,303.48,0.05,-19.38,623,0.001,1239
0.035550192,911611,1469.333640454,1790866668.2893612,300.7,0.05,-20.45,623,0.001,1240
0.016971298,912877,1474.3342737,1790866670.3941622,301.14,0.05,-20.66,623,0.001,1241
0.03399618,914606,1474.334353069,1790866673.2851992,303.52,0.05,-19.77,623,0.001,1242
0.048283976,915846,1479.335758904,1790866675.3540068,309.66,0.05,-19.88,622,0.001,1243
0.2703631,917259,1479.335884343,1790866677.7107027,303.5,0.05,-20.06,622,0.001,1245
0.053522877,919661,1484.336925236,1790866681.6661348,295.35,0.05,-21.87,622,0.001,1248
0.026972344,921479,1489.338262985,1790866684.6534286,306.63,0.05,-20.51,622,0.001,1249
0.022278465,923394,1489.338425973,1790866687.8202367,306.12,0.05,-19.61,622,0.001,1251
0.01072809,924467,1494.339936128,1790866689.5884507,302.11,0.05,-20.07,622,0.001,1252
0.013283429,925925,1494.340129867,1790866691.9801395,285.77,0.05,-23.05,622,0.001,1254
0.014400447,927102,1494.340286052,1790866693.9574256,284.51,0.05,-24.15,622,0.001,1255
0.025993632,927850,1499.341814665,1790866695.1999521,283.63,0.05,-23.43,622,0.001,1256
0.020426102,929706,1499.341948064,1790866698.261008,276.33,0.05,-24.61,622,0.001,1258
0.124757335,931049,1504.343111158,1790866700.4599698,275.97,0.05,-26.67,622,0.001,1259
1.1721183,934137,1509.344396679,1790866704.949483,265.34,0.05,-27.37,622,0.001,1262
0.07909837,934716,1509.344466917,1790866705.7918417,256.23,0.05,-28.46,622,0.001,1263
0.057305165,936129,1509.34451286,1790866707.8814244,259.34,0.05,-27.53,622,0.001,1264
0.08408127,938000,1514.345849136,1790866710.9508033,251.23,0.05,-28.94,622,0.001,1266
0.03857383,939383,1519.346773076,1790866713.257928,247.77,0.05,-30.44,622,0.001,1267
0.027182769,940907,1519.346825405,1790866715.786665,250.61,0.05,-29.14,622,0.001,1268
0.011686431,942114,1519.346887618,1790866717.7916422,255.11,0.05,-28.33,622,0.001,1269
0.025522117,943164,1524.348285599,1790866719.5267181,259.05,0.05,-28.08,622,0.001,1270
0.06353896,944893,1524.348397279,1790866722.3665688,271.15,0.05,-27.31,622,0.001,1271
0.048337664,947717,1529.349245742,1790866727.0213401,280.56,0.05,-23.49,622,0.001,1273
0.051684238,949540,1534.349952776,1790866730.0309095,273.93,0.05,-25.08,622,0.001,1275
0.16413233,950952,1534.350029721,1790866732.3474934,275.58,0.05,-24.95,622,0.001,1276
0.053640164,951750,1534.350080648,1790866733.6611176,272.83,0.05,-25.67,622,0.001,1277
0.0915936,955146,1544.351521749,1790866739.213292,280.44,0.05,-24.03,622,0.001,1280
0.14346248,956578,1544.351593333,1790866741.5627074,287.28,0.05,-23.47,622,0.001,1281
0.051333144,957168,1544.351640289,1790866742.5317335,284.41,0.05,-23.78,622,0.001,1282
0.0512845,957794,1544.351688519,1790866743.5540342,280.88,0.05,-23.69,622,0.001,1283
0.016439639,958469,1549.352906824,1790866744.6600626,274.2,0.05,-24.1,622,0.001,1284
0.121577434,959664,1549.352985805,1790866746.6216016,276.7,0.05,-24.83,622,0.001,1285
0.033224758,960662,1549.353030545,1790866748.2918465,276.11,0.05,-24.98,622,0.001,1286
0.061783664,961524,1554.354164823,1790866749.789986,273.87,0.05,-25.77,622,0.001,1287
0.12484859,962718,1554.354268316,1790866751.882861,280.02,0.05,-25.16,622,0.001,1288
0.09231156,967223,1564.356773523,1790866759.6085148,278.4,0.05,-23.76,622,0.001,1292
0.692296,968265,1564.356854382,1790866761.4034083,273.58,0.05,-24.54,622,0.001,1293
0.093677,969386,1564.356900948,1790866763.315594,272.72,0.05,-25.67,622,0.001,1294
0.022532284,971356,1569.358271606,1790866766.76851,264.63,0.05,-26.21,622,0.001,1296
0.034230396,973338,1574.359805701,1790866770.1580775,269.77,0.05,-27.14,621,0.001,1297
0.011631079,973726,1574.359877633,1790866770.827221,260.09,0.05,-28.34,621,0.001,1298
0.040998913,975014,1574.359973279,1790866773.0242207,254.74,0.05,-28.39,621,0.001,1300
0.033104748,976554,1579.360801619,1790866775.6746154,256.02,0.05,-28.9,621,0.001,1301
0.045110766,978064,1579.360882027,1790866778.2780166,263.14,0.05,-27.05,621,0.001,1302
0.05909509,980712,1584.361815149,1790866782.8212252,255.66,0.05,-28.2,621,0.001,1305
0.026632238,982455,1589.36329579,1790866785.8309157,252.87,0.05,-28.22,621,0.001,1307
0.029899675,983779,1589.363474388,1790866788.1289585,259.85,0.05,-26.64,621,0.001,1308
0.03136251,984766,1594.364272105,1790866789.8171527,262.97,0.05,-24.84,621,0.001,1309
0.037013534,985423,1594.364377245,1790866790.956202,257.59,0.05,-24.9,621,0.001,1310
0.10464185,986427,1594.364422688,1790866792.6943412,257.65,0.05,-24.84,621,0.001,1311
0.058098353,986681,1594.364468551,1790866793.1355348,251.57,0.05,-25.23,621,0.001,1312
0.11476855,988930,1599.366136855,1790866796.997401,244.79,0.05,-26.43,621,0.001,1314
0.05668303,989970,1604.36694181,1790866798.773788,244.17,0.05,-27.13,621,0.001,1315
0.029238105,993500,1609.368211811,1790866804.8631876,262.77,0.05,-23.72,621,0.001,1317
0.04154223,995838,1609.368460866,1790866808.8575845,264.52,0.05,-22.03,620,0.001,1319
0.041190792,996264,1614.370285933,1790866809.5876641,255.68,0.05,-22.42,620,0.001,1320
0.034691297,997194,1614.370412587,1790866811.1936479,258.38,0.05,-22.11,620,0.001,1321
0.022737151,998500,1614.370581711,1790866813.440739,247.74,0.05,-23.71,620,0.001,1323
0.027193619,999172,1614.681762911,1790866814.617565,250.47,0.05,-23.01,620,0.001,1324
