_step,_runtime,time/fps,global_step,_timestamp,train/explained_variance,train/clip_range,rollout/ep_len_mean,train/value_loss,train/entropy_loss,train/loss,train/std,train/learning_rate,train/policy_gradient_loss,rollout/ep_rew_mean,train/clip_fraction,train/approx_kl
0,24.333303567,303,2048,1791049681.064328,,,,,,,,,,,,
1,39.337225043,219,4096,1791049692.9989731,0.00027740002,0.2,2256.0,948.23334,-2.834284,422.14108,0.99552774,0.0003,-0.008431487,-5018.1,0.04375,0.0063671772
2,49.339190127,198,6144,1791049705.201264,0.009215534,0.2,2503.0,4555.257,-2.82577,359.41888,0.99459326,0.0003,-0.0037238402,-4270.65,0.035205077,0.005754548
3,64.34384575,189,8192,1791049717.570803,0.0050248504,0.2,2503.0,4268.445,-2.8450708,6728.1006,1.0109296,0.0003,-0.004867729,-4270.65,0.03642578,0.004436076
4,74.347591295,184,10240,1791049729.8713534,0.18343127,0.2,2503.0,182.25795,-2.8343744,41.29078,0.990351,0.0003,-0.00674142,-4270.65,0.055371094,0.005900489
5,84.349914943,180,12288,1791049742.2263548,0.24877143,0.2,2503.0,180.489,-2.8183703,83.79711,0.98990023,0.0003,-0.007850397,-4270.65,0.06567383,0.006416343
6,94.353924576,180,14336,1791049753.8386095,0.3655216,0.2,4324.0,203.03627,-2.8271878,92.80495,0.99833244,0.0003,-0.0058673946,-5219.1333,0.059033204,0.0067945137
7,104.356756644,186,16384,1791049762.24343,0.004155934,0.2,4324.0,4160.9277,-2.835055,1003.4283,0.99874496,0.0003,-0.009349137,-5219.1333,0.025585938,0.0048039397
8,109.359728592,191,18432,1791049770.498972,0.309802,0.2,4324.0,412.38715,-2.8450353,176.35216,1.0070533,0.0003,-0.004713734,-5219.1333,0.034472656,0.0049718153
9,119.361538874,195,20480,1791049778.9486756,-0.018781304,0.2,4324.0,286.24234,-2.833412,142.04556,0.99038976,0.0003,-0.004644665,-5219.1333,0.072753906,0.0055050696
10,129.36356678,199,22528,1791049787.1950536,0.15869617,0.2,4324.0,975.82916,-2.8257296,448.66806,0.99636275,0.0003,-0.005414424,-5219.1333,0.019677734,0.0032983487
11,134.36499935,202,24576,1791049795.5063465,0.14089143,0.2,4324.0,1505.3063,-2.8246605,681.1469,0.99061346,0.0003,-0.0072220685,-5219.1333,0.07885742,0.008516428
12,144.366610795,205,26624,1791049803.850704,0.00040477514,0.2,4324.0,1637.73,-2.812328,700.28345,0.98425716,0.0003,-0.013302063,-5219.1333,0.14370117,0.009514102
13,154.36919098,207,28672,1791049812.2010083,5.9902668e-05,0.2,4324.0,1301.5928,-2.7944195,537.772,0.97303665,0.0003,-0.0118353395,-5219.1333,0.13803712,0.011456504
14,159.370783735,210,30720,1791049820.4989388,3.385544e-05,0.2,4324.0,1009.1344,-2.773811,399.87994,0.9661534,0.0003,-0.013049098,-5219.1333,0.16757813,0.014218151
15,169.37236797,212,32768,1791049828.741876,0.0,0.2,4324.0,769.01117,-2.753253,356.9358,0.95483637,0.0003,-0.014923607,-5219.1333,0.1934082,0.014806522
16,179.37754805,214,34816,1791049836.9482663,-5.9604645e-07,0.2,4324.0,412.04984,-2.7207751,145.96695,0.9361544,0.0003,-0.010885956,-5219.1333,0.16992188,0.011074945
17,184.379005495,215,36864,1791049845.3218064,0.0,0.2,4324.0,293.06998,-2.6794496,105.47501,0.91670257,0.0003,-0.016147627,-5219.1333,0.18920898,0.01566834
18,194.380619731,217,38912,1791049853.625729,0.0,0.2,4324.0,198.07027,-2.6259534,76.65147,0.89062977,0.0003,-0.011314446,-5219.1333,0.2086914,0.021013793
19,204.383007255,218,40960,1791049861.7508216,1.4901161e-06,0.2,4324.0,76.61115,-2.5652652,40.94609,0.85769135,0.0003,-0.0030821553,-5219.1333,0.20161133,0.018130887
20,209.383879952,219,43008,1791049869.9675305,4.7683716e-07,0.2,4324.0,65.74894,-2.5090792,39.89269,0.84215724,0.0003,-0.0010540056,-5219.1333,0.2074707,0.019881558
21,219.385565235,220,45056,1791049878.2015417,0.091180384,0.2,4324.0,58.36579,-2.4841158,27.612871,0.8345387,0.0003,-0.012667083,-5219.1333,0.14506836,0.0124790035
22,229.387798018,222,47104,1791049886.4449399,0.08795804,0.2,4324.0,41.486008,-2.4681253,20.490341,0.82866096,0.0003,-0.010547727,-5219.1333,0.118457034,0.008298898
23,234.38858625,223,49152,1791049894.726537,0.1256187,0.2,4324.0,39.25067,-2.4552357,13.700411,0.8232905,0.0003,-0.008332178,-5219.1333,0.13798828,0.009749232
24,244.391179602,223,51200,1791049903.004752,0.21268994,0.2,4324.0,29.75339,-2.4453351,12.534934,0.81959057,0.0003,-0.0105085345,-5219.1333,0.123242185,0.012904823
25,254.393439833,224,53248,1791049911.3108826,0.30980498,0.2,4324.0,24.406395,-2.439063,12.856731,0.81961596,0.0003,-0.0014899161,-5219.1333,0.15014648,0.010828858
26,259.395131312,225,55296,1791049919.5567777,0.34267503,0.2,4324.0,20.756855,-2.4358437,9.940357,0.81666124,0.0003,-0.005405765,-5219.1333,0.10068359,0.010882134
27,269.397294134,226,57344,1791049927.8629968,0.4036051,0.2,4324.0,13.831536,-2.4313748,7.245491,0.8141621,0.0003,0.0016170962,-5219.1333,0.09951172,0.0074430574
28,279.398805159,226,59392,1791049936.1583595,0.34215087,0.2,4324.0,15.832598,-2.4226816,10.314344,0.81167114,0.0003,0.005636333,-5219.1333,0.140625,0.01280409
29,284.400541689,227,61440,1791049944.492109,0.41721636,0.2,4324.0,12.019395,-2.4150536,6.650873,0.8086693,0.0003,0.00174375,-5219.1333,0.080322266,0.0050383443
30,294.401799503,228,63488,1791049952.7751043,0.46172982,0.2,4324.0,10.500158,-2.3961196,4.064484,0.7965146,0.0003,0.003244551,-5219.1333,0.12714843,0.021138508
31,299.402451375,228,65536,1791049961.0983372,0.4498927,0.2,4324.0,10.483178,-2.377206,4.7395067,0.79208535,0.0003,-0.00044365137,-5219.1333,0.16108398,0.013857576
32,309.405537984,229,67584,1791049969.3284705,0.4003058,0.2,4324.0,10.447961,-2.3659072,3.99058,0.784706,0.0003,0.0028190052,-5219.1333,0.111328125,0.025308933
33,319.407778865,229,69632,1791049977.6207688,0.44415504,0.2,4324.0,8.84146,-2.343779,2.905647,0.77847534,0.0003,0.01278206,-5219.1333,0.18203124,0.020534102
34,324.408680772,230,71680,1791049985.9224179,0.58936846,0.2,4324.0,5.4561944,-2.3315427,2.5930808,0.7741805,0.0003,0.0010811547,-5219.1333,0.119824216,0.013569693
35,334.410947255,230,73728,1791049994.2168067,0.49952215,0.2,4324.0,8.349832,-2.3157663,2.7425678,0.76744616,0.0003,0.010275216,-5219.1333,0.21704102,0.017114617
36,344.413180624,230,75776,1791050002.540096,0.42323458,0.2,4324.0,8.974638,-2.2970252,2.9980006,0.75882435,0.0003,-0.0025554143,-5219.1333,0.079394534,0.0041356776
37,349.414843075,231,77824,1791050010.7877078,0.42737114,0.2,4324.0,8.248131,-2.269112,4.9427853,0.7481172,0.0003,0.0016628427,-5219.1333,0.1237793,0.009045316
38,359.417191676,231,79872,1791050019.2192652,0.59911716,0.2,4324.0,4.1133633,-2.238943,3.142731,0.7356155,0.0003,0.0017305879,-5219.1333,0.13085938,0.011927225
39,369.418987325,231,81920,1791050027.568241,0.5087968,0.2,4324.0,7.324302,-2.2179847,5.2967916,0.7303676,0.0003,0.0011989237,-5219.1333,0.11748047,0.019738741
40,374.419827112,232,83968,1791050035.925159,0.58689,0.2,4324.0,5.695566,-2.1914346,3.2231858,0.71971685,0.0003,0.004775618,-5219.1333,0.1644043,0.011008139
41,384.424208891,232,86016,1791050044.2615352,0.55900955,0.2,4324.0,6.333726,-2.1647768,2.3164823,0.7099643,0.0003,-0.0023926904,-5219.1333,0.11884765,0.011601978
42,394.426441885,232,88064,1791050052.608902,0.5800537,0.2,4324.0,5.7256684,-2.1387546,2.9558065,0.7005996,0.0003,0.0020175977,-5219.1333,0.1109375,0.010377534
43,399.427520459,233,90112,1791050060.9044209,0.5787906,0.2,4324.0,5.0823245,-2.111,1.3460171,0.691954,0.0003,-0.0006471519,-5219.1333,0.09741211,0.011710376
44,409.429574893,233,92160,1791050069.1765738,0.5739819,0.2,4324.0,4.0531,-2.1006594,3.2006192,0.6911348,0.0003,0.00026142274,-5219.1333,0.13662109,0.013053768
45,419.432091652,233,94208,1791050077.4531386,0.57278687,0.2,4324.0,4.0095234,-2.0763566,2.2272234,0.67615294,0.0003,0.009824618,-5219.1333,0.184375,0.02287497
46,424.433056195,233,96256,1791050085.7464504,0.6007836,0.2,4324.0,5.014323,-2.0395424,1.9952569,0.66683936,0.0003,-0.0032199437,-5219.1333,0.12988281,0.017351769
47,434.434792382,234,98304,1791050093.6676588,0.623832,0.2,4324.0,4.5085926,-2.0132804,1.9094543,0.6594317,0.0003,-0.0006408515,-5219.1333,0.1390625,0.00878362
48,435.242474943,234,100352,1791050101.5953777,0.6086623,0.2,4324.0,4.7936373,-1.9967204,1.7930027,0.65422076,0.0003,-0.0008494319,-5219.1333,0.11904297,0.011720713
