_runtime,_timestamp,global_step,losses/qrm_loss,charts/episodic_return,_step
20.201223511,1790986470.043237,900499,,20.0,0
20.201327873,1790986470.111621,900500,0.29608172,,1
20.20136094,1790986471.4547539,900540,,-50.0,2
35.204733293,1790986472.655934,900575,,-53.0,3
40.205936416,1790986487.2852688,901000,5.7420564,,4
55.208257291,1790986487.976117,901021,,-30.0,5
55.208317315,1790986504.4821289,901500,0.6490808,,6
65.21186905,1790986505.1683397,901521,,-2.0,7
70.214297238,1790986517.5319397,901880,,-40.0,8
75.216614797,1790986521.6812758,902000,1.4172688,,9
85.219966404,1790986525.0605204,902099,,-60.0,10
85.220023255,1790986534.4745946,902373,,-48.0,11
90.22183928,1790986536.7823598,902440,,-30.0,12
90.221866103,1790986538.8786554,902500,2.8097894,,13
95.226018642,1790986542.31879,902601,,-50.0,14
105.228302683,1790986543.1819773,902626,,-50.0,15
110.229093114,1790986556.092969,903000,4.1256604,,16
125.231395971,1790986560.408928,903126,,20.0,17
125.231437845,1790986573.3366225,903500,0.94337857,,18
140.233817076,1790986577.6409688,903626,,0.0,19
145.235002639,1790986590.2585633,904000,3.1959972,,20
145.235055586,1790986594.4364038,904126,,9.0,21
155.236753397,1790986595.3992305,904155,,-51.0,22
155.236807468,1790986603.1722343,904389,,-60.0,23
155.236959097,1790986604.0056536,904414,,-40.0,24
160.238182916,1790986606.8925881,904500,123.36575,,25
170.239031185,1790986611.1783733,904630,,80.0,26
170.239081166,1790986619.3104475,904874,,-40.0,27
175.241748483,1790986622.3156357,904964,,-50.0,28
180.245239116,1790986623.5461729,905000,4.1718354,,29
185.246311114,1790986630.8535044,905221,,-40.0,30
190.247554632,1790986633.2206407,905292,,-50.0,31
195.24803534,1790986640.1742013,905500,2.6183712,,32
195.248083894,1790986644.1357243,905620,,-50.0,33
200.249637776,1790986644.5691266,905633,,-50.0,34
205.251627574,1790986649.9012308,905793,,-50.0,35
205.251674495,1790986653.8332984,905911,,-50.0,36
220.254320027,1790986656.8198261,906000,2.5306244,,37
220.254371748,1790986670.461039,906411,,10.0,38
225.256186265,1790986671.961909,906456,,-40.0,39
230.257441996,1790986673.4629529,906500,6.458022,,40
240.259334534,1790986681.685961,906748,,-30.0,41
250.260668838,1790986690.1575356,907000,4.216122,,42
250.260722683,1790986698.3881662,907248,,10.0,43
250.260875842,1790986701.1312919,907330,,-30.0,44
255.261123429,1790986701.3974712,907338,,-50.0,45
265.261816435,1790986706.8309426,907500,8.883251,,46
275.263513418,1790986717.073792,907808,,-30.0,47
275.263565016,1790986723.517447,908000,3.6860223,,48
275.26359652,1790986723.6525638,908005,,80.0,49
275.263622437,1790986723.95237,908014,,-50.0,50
275.263649851,1790986726.1941838,908081,,-40.0,51
285.266308737,1790986726.628544,908094,,-50.0,52
290.268244808,1790986736.7717927,908398,,-30.0,53
300.271457883,1790986740.2082942,908500,4.4562836,,54
305.272648286,1790986748.3560977,908745,,-50.0,55
315.274061436,1790986756.8810508,909000,6.8969364,,56
315.274116347,1790986765.0053024,909245,,8.0,57
325.275462875,1790986765.3717613,909256,,-50.0,58
325.275530433,1790986773.6369376,909500,10.705925,,59
335.277676385,1790986773.7074091,909503,,-40.0,60
340.278568164,1790986783.9012885,909800,,-33.0,61
340.278613255,1790986790.6014965,910000,4.9958863,,62
355.280702063,1790986790.6692274,910003,,-30.0,63
355.28075834,1790986807.2502394,910500,3.9411945,,64
355.28084111,1790986807.318511,910503,,10.0,65
365.282748916,1790986807.422622,910506,,-50.0,66
370.284103254,1790986814.7327545,910725,,-50.0,67
375.285546453,1790986819.8939507,910880,,-30.0,68
385.287934127,1790986823.9259882,911000,7.4064655,,69
385.287989005,1790986836.5483563,911380,,20.0,70
390.289304706,1790986836.8808317,911390,,-50.0,71
405.291671473,1790986840.5680466,911500,4.988136,,72
405.291723244,1790986853.5787575,911890,,8.0,73
420.29544049,1790986857.2756264,912000,2.739657,,74
425.297076371,1790986870.253153,912390,,18.0,75
435.298420991,1790986873.9546275,912500,6.6653223,,76
440.298725848,1790986886.9195304,912890,,30.0,77
455.302095253,1790986890.628923,913000,1.5580857,,78
455.30216319,1790986903.5856006,913390,,-1.0,79
460.303452785,1790986907.277664,913500,125.40478,,80
470.305664128,1790986912.1764917,913648,,-30.0,81
475.306839447,1790986919.6338232,913872,,-41.0,82
485.309313013,1790986923.9966395,914000,3.6236572,,83
490.310552273,1790986932.8849218,914257,,-30.0,84
490.310606804,1790986941.041791,914494,,-30.0,85
490.310760701,1790986941.2819076,914500,2.082396,,86
510.312790383,1790986941.8333843,914517,,-50.0,87
510.312842201,1790986958.5257626,915000,1.1583128,,88
515.313817288,1790986959.0786858,915017,,19.0,89
525.31899456,1790986966.670697,915237,,-40.0,90
535.320090362,1790986975.790242,915500,4.8101845,,91
535.320143236,1790986983.9526782,915737,,30.0,92
540.321432481,1790986987.6211956,915843,,-40.0,93
540.321484666,1790986991.835685,915965,,-51.0,94
545.323002785,1790986991.9738803,915969,,-50.0,95
550.324082609,1790986993.0786119,916000,2.672756,,96
560.324978847,1790987000.2998626,916210,,-40.0,97
560.325041989,1790987010.3434758,916500,8.439387,,98
575.328413771,1790987010.5177817,916506,,79.0,99
575.328469469,1790987027.59696,917000,4.3723793,,100
590.331224533,1790987027.7733853,917006,,30.0,101
595.332796542,1790987042.072549,917419,,-40.0,102
610.335684641,1790987044.9071968,917500,4.0207014,,103
610.336193613,1790987059.3842869,917919,,28.0,104
625.339817539,1790987062.2207332,918000,0.9215684,,105
630.340512797,1790987074.6770773,918361,,-30.0,106
640.341882222,1790987079.5198305,918500,2.6787555,,107
645.343086511,1790987091.9579463,918861,,10.0,108
655.344410716,1790987096.8040113,919000,2.5131273,,109
660.345573426,1790987105.4939573,919253,,-42.0,110
660.345624507,1790987108.406617,919339,,-51.0,111
665.347036164,1790987112.433024,919458,,-41.0,112
680.348900683,1790987113.8884015,919500,209.9408,,113
680.348951901,1790987129.3573506,919958,,20.0,114
685.350201957,1790987130.8161123,920000,3.3575957,,115
695.352616741,1790987133.4275386,920078,,-40.0,116
695.352675519,1790987143.153846,920374,,-40.0,117
705.354933237,1790987147.330997,920500,3.5452507,,118
710.356948518,1790987156.366203,920776,,-40.0,119
715.357975928,1790987162.1113935,920951,,-40.0,120
715.358032433,1790987163.7649643,921000,3.177244,,121
720.358893562,1790987167.3598104,921110,,-40.0,122
730.360504331,1790987168.9712741,921159,,-40.0,123
735.36140868,1790987180.2342184,921500,2.31118,,124
745.363540778,1790987185.434301,921659,,18.0,125
750.363758538,1790987196.6743999,922000,0.86963046,,126
765.36579061,1790987201.8654106,922159,,20.0,127
765.365843151,1790987213.1475098,922500,77.58561,,128
770.367129997,1790987216.199299,922594,,-22.0,129
770.367186741,1790987220.4594092,922723,,-30.0,130
780.368889154,1790987220.9851775,922739,,-50.0,131
780.368943002,1790987229.6205106,923000,1.0015376,,132
790.3706907,1790987230.577367,923030,,80.0,133
795.37171843,1790987238.6540601,923275,,-30.0,134
800.372655853,1790987246.0927858,923500,1.3295054,,135
800.372712574,1790987249.252717,923597,,-20.0,136
805.374109364,1790987249.5163777,923605,,-50.0,137
810.374686031,1790987257.4133265,923845,,-30.0,138
810.374712874,1790987261.7131362,923976,,80.0,139
830.377507058,1790987262.5356517,924000,2.955709,,140
830.377561059,1790987278.186494,924476,,30.0,141
835.378726084,1790987279.012404,924500,2.0637696,,142
845.38080035,1790987287.8127031,924768,,-30.0,143
855.382920281,1790987295.4843395,925000,1.8817494,,144
855.382973689,1790987304.2693048,925268,,25.0,145
860.383627159,1790987306.3033996,925330,,-51.0,146
870.385723291,1790987311.9356277,925500,2.0940084,,147
880.387931356,1790987322.7737794,925830,,30.0,148
890.389387689,1790987328.4024467,926000,6.512419,,149
890.389445586,1790987339.242733,926330,,18.0,150
895.390588901,1790987342.1393638,926418,,-40.0,151
905.392303842,1790987344.875933,926500,2.5197158,,152
910.393673108,1790987353.5493305,926765,,-40.0,153
915.394580887,1790987361.316639,927000,5.0705495,,154
925.396309342,1790987367.2408535,927181,,77.0,155
935.396784771,1790987377.7847116,927500,1.5455346,,156
945.398859837,1790987383.706325,927680,,-31.0,157
950.400360865,1790987394.2639189,928000,4.009411,,158
960.403103429,1790987400.1339555,928180,,29.0,159
965.404704198,1790987410.723679,928500,0.6141272,,160
975.406847883,1790987413.8573847,928596,,-30.0,161
980.407791687,1790987427.1986187,929000,4.3061085,,162
990.409748582,1790987430.3302839,929096,,29.0,163
995.411086949,1790987439.2833943,929368,,-30.0,164
995.41113847,1790987443.6564014,929500,6.3106027,,165
1010.412942295,1790987446.3991902,929584,,-30.0,166
1010.412996846,1790987460.0975943,930000,2.623231,,167
1015.414478588,1790987462.5303457,930075,,-41.0,168
1025.416401966,1790987465.531978,930166,,-30.0,169
1030.417720886,1790987476.579978,930500,1.6384668,,170
1030.417776527,1790987478.3601983,930555,,-21.0,171
1045.420866218,1790987481.6243799,930654,,-51.0,172
1050.421777719,1790987493.049765,931000,4.170874,,173
1060.422748189,1790987498.094083,931154,,20.0,174
1065.423661803,1790987509.4953318,931500,5.1348248,,175
1070.425033433,1790987514.5455317,931654,,9.0,176
1075.425985724,1790987521.9744458,931879,,-31.0,177
1085.428027438,1790987526.0080822,932000,4.65248,,178
1090.429246487,1790987535.104979,932278,,-41.0,179
1090.429303402,1790987538.3308294,932376,,-50.0,180
1105.432482315,1790987542.441519,932500,2.3479738,,181
1110.433920044,1790987554.7911801,932876,,30.0,182
1120.435555316,1790987558.899544,933000,4.85023,,183
1120.435619392,1790987571.247866,933376,,10.0,184
1120.435751611,1790987571.5156379,933384,,-50.0,185
1125.437105131,1790987572.7376812,933421,,-50.0,186
1130.438418101,1790987575.3634477,933500,6.4220657,,187
1140.440210146,1790987579.6498964,933631,,-31.0,188
1140.440263958,1790987590.9510539,933974,,-30.0,189
1145.441033847,1790987591.840154,934000,3.1688938,,190
1160.443585309,1790987595.3499143,934107,,-30.0,191
1160.443636593,1790987608.3282828,934500,2.315559,,192
1160.44376465,1790987611.8206553,934607,,29.0,193
1170.44570692,1790987612.8777452,934639,,-50.0,194
1175.446443256,1790987620.605008,934873,,-50.0,195
1175.446497667,1790987624.197346,934982,,-50.0,196
1180.447899367,1790987624.8240976,935000,1.7359847,,197
1185.44868214,1790987629.9438326,935156,,-41.0,198
1190.449940382,1790987634.852553,935305,,-32.0,199
1195.451000324,1790987641.3145375,935500,5.328166,,200
1195.451066452,1790987643.4704652,935566,,-20.0,201
1205.453236218,1790987646.5121987,935658,,-31.0,202
1215.455556416,1790987657.826408,936000,1.5666745,,203
1225.457226149,1790987663.0116951,936158,,20.0,204
1230.458242804,1790987674.515014,936500,2.0637505,,205
1240.46056226,1790987679.700678,936658,,28.0,206
1245.461467044,1790987691.019501,937000,1.1515017,,207
1245.461514919,1790987696.2109597,937158,,0.0,208
1250.462680819,1790987696.3764372,937163,,-50.0,209
1255.463951113,1790987701.731705,937325,,80.0,210
1265.464737748,1790987707.5438082,937500,3.4135823,,211
1270.466049118,1790987716.5303905,937774,,-42.0,212
1270.466103543,1790987718.8699005,937845,,-50.0,213
1270.466232773,1790987721.009426,937910,,-50.0,214
1275.467345327,1790987722.991608,937970,,-30.0,215
1290.46877797,1790987724.0118346,938000,1.8297166,,216
1290.468871176,1790987738.0856636,938427,,-30.0,217
1300.470450282,1790987740.5337174,938500,0.77979815,,218
1305.471736555,1790987749.8239975,938783,,-51.0,219
1310.472502552,1790987757.0087748,939000,5.974937,,220
1325.47556483,1790987761.6155088,939141,,-22.0,221
1330.476997425,1790987773.4887576,939500,3.261476,,222
1340.479155314,1790987778.1107733,939641,,20.0,223
1345.480045642,1790987789.972909,940000,4.4019346,,224
1350.480949453,1790987794.5887382,940141,,29.0,225
1355.481533469,1790987800.5739672,940323,,-31.0,226
1355.48158189,1790987804.1248503,940431,,-41.0,227
1370.483430114,1790987806.424213,940500,3.354451,,228
1370.483481939,1790987820.5760238,940931,,19.0,229
1375.484927832,1790987822.8875856,941000,4.065991,,230
1385.485845467,1790987825.6925297,941086,,79.0,231
1385.485897758,1790987833.7572715,941331,,-31.0,232
1385.486028611,1790987836.8791845,941426,,-41.0,233
1390.487164633,1790987837.1095688,941433,,-50.0,234
1390.487211011,1790987839.343088,941500,1.8116938,,235
1405.488782505,1790987839.7713163,941514,,-50.0,236
1405.488837036,1790987855.7957976,942000,5.0868177,,237
1420.492115094,1790987856.2242925,942014,,19.0,238
1420.492172506,1790987872.2761607,942500,6.86608,,239
1435.494959161,1790987872.705312,942514,,9.0,240
1440.495350698,1790987885.851178,942913,,-40.0,241
1450.496955155,1790987888.747804,943000,4.234024,,242
1455.497312173,1790987902.379049,943413,,18.0,243
1470.499281291,1790987905.2722895,943500,4.1430826,,244
1470.499741178,1790987918.8700757,943913,,15.0,245
1480.502149671,1790987921.7672663,944000,4.177842,,246
1485.502766741,1790987933.0362132,944343,,-31.0,247
1485.502816836,1790987935.1131036,944406,,-40.0,248
1490.503775155,1790987936.797763,944457,,-30.0,249
1490.503821256,1790987938.249655,944500,1.531866,,250
1505.506393017,1790987942.45177,944622,,-30.0,251
1510.50757648,1790987955.6130345,945000,3.575797,,252
1510.507627939,1790987958.6646302,945089,,76.0,253
1520.509406975,1790987962.8321168,945209,,-30.0,254
1530.51048518,1790987972.968869,945500,3.9520035,,255
1535.511521637,1790987980.188035,945709,,30.0,256
1540.512632689,1790987985.7420857,945869,,-30.0,257
1550.514910557,1790987990.3292656,946000,3.3893318,,258
1555.516043923,1790987999.6576014,946269,,-40.0,259
1555.516570925,1790988004.4008834,946405,,-20.0,260
1565.518210087,1790988007.7339919,946500,2.151115,,261
1575.519579587,1790988015.3431606,946720,,-60.0,262
1580.5202829,1790988025.0986195,947000,2.7619119,,263
1590.521675149,1790988032.7137418,947220,,15.0,264
1600.523126473,1790988042.490451,947500,2.451576,,265
1610.525085018,1790988050.108306,947720,,9.0,266
1615.526177116,1790988059.8549116,948000,5.3966374,,267
1625.526861339,1790988065.686415,948169,,-51.0,268
1630.528086151,1790988077.282117,948500,101.04334,,269
1640.529777795,1790988080.4800003,948596,,-31.0,270
1645.531775588,1790988092.073526,948947,,-43.0,271
1655.533407733,1790988093.8533716,949000,1.2876903,,272
1660.534578886,1790988106.1851585,949375,,-21.0,273
1660.534625084,1790988108.1825218,949435,,-30.0,274
1670.536865346,1790988110.3630373,949500,1.880307,,275
1675.537285582,1790988121.5165484,949838,,-38.0,276
1675.537334709,1790988125.483176,949958,,-55.0,277
1675.537362933,1790988125.747069,949966,,-50.0,278
1675.537389194,1790988125.8141446,949968,,-50.0,279
1680.538448821,1790988126.9072826,950000,1.3504698,,280
1685.539788048,1790988131.7770112,950148,,-40.0,281
1685.539834122,1790988135.8534474,950271,,-41.0,282
1695.541709856,1790988135.8873487,950272,,-50.0,283
1700.542503543,1790988143.455612,950500,3.0093336,,284
1705.54385431,1790988152.430054,950772,,20.0,285
1710.544142287,1790988153.490994,950804,,-40.0,286
1720.54667717,1790988159.9933586,951000,1.6294923,,287
1725.548261302,1790988169.233611,951280,,-42.0,288
1730.549145688,1790988176.5411413,951500,2.1555629,,289
1730.549196546,1790988179.8514416,951601,,80.0,290
1735.550703393,1790988180.183846,951611,,-50.0,291
1740.551512582,1790988188.0988355,951850,,-30.0,292
1755.554470951,1790988193.097452,952000,83.06057,,293
1760.555532674,1790988204.65719,952350,,9.0,294
1765.556557034,1790988209.645223,952500,4.832914,,295
1770.557406549,1790988213.6415508,952622,,-31.0,296
1775.557821641,1790988220.0174332,952813,,-50.0,297
1775.557871922,1790988226.2525408,953000,1.5792733,,298
1780.559052936,1790988226.484789,953008,,-30.0,299
1790.561143035,1790988230.8852274,953141,,-30.0,300
1790.561788489,1790988242.6371517,953496,,-31.0,301
1800.563069542,1790988242.8026552,953500,0.85918784,,302
1810.564272243,1790988251.8759804,953773,,-40.0,303
1810.564305821,1790988259.433157,954000,1.6798258,,304
1810.564363767,1790988260.5556672,954035,,-31.0,305
1825.56654985,1790988260.9200451,954046,,-50.0,306
1825.566611219,1790988275.968696,954500,0.8079044,,307
1830.567857487,1790988277.0580451,954534,,-40.0,308
1840.570005063,1790988280.5347614,954639,,-30.0,309
1845.571036539,1790988292.9056458,955000,5.371283,,310
1855.573487231,1790988297.7132676,955139,,19.0,311
1855.57358919,1790988305.8872888,955372,,-40.0,312
1860.574411738,1790988307.9449072,955431,,-50.0,313
1870.57534378,1790988310.381688,955500,3.9860492,,314
1875.57629178,1790988321.5438857,955821,,78.0,315
1890.579911863,1790988327.806199,956000,4.6680174,,316
1895.581461945,1790988338.6423073,956312,,-51.0,317
1900.58252926,1790988345.2208064,956500,3.63194,,318
1910.584583545,1790988349.2171144,956615,,-31.0,319
1910.584619138,1790988362.4173615,956994,,-26.0,320
1930.587953032,1790988362.6585765,957000,5.1337647,,321
1930.588004627,1790988379.852602,957494,,0.0,322
1945.589826543,1790988380.0968544,957500,2.3318136,,323
1945.589899601,1790988397.271058,957994,,10.0,324
1955.591337203,1790988397.5147843,958000,3.7638211,,325
1965.593660224,1790988404.911929,958213,,-30.0,326
1970.594638586,1790988414.9367025,958500,4.1855125,,327
1980.59680829,1790988422.3633912,958713,,-7.0,328
1985.598177347,1790988432.4150271,959000,2.5687065,,329
1990.599150304,1790988437.55205,959148,,-20.0,330
1995.60045639,1790988442.0519142,959277,,-50.0,331
2000.601214991,1790988444.953539,959360,,-30.0,332
2000.601269926,1790988448.646516,959466,,79.0,333
2015.604388156,1790988449.8739204,959500,0.9630121,,334
2015.604442048,1790988466.1011922,959966,,-8.0,335
2015.604570643,1790988467.3188577,960000,8.318174,,336
2025.606982072,1790988467.3903701,960003,,-40.0,337
2035.608830144,1790988474.719636,960213,,-60.0,338
2035.608887569,1790988484.7558675,960500,1.0277066,,339
2050.611421324,1790988487.9995182,960594,,76.0,340
2055.612737778,1790988502.198177,961000,3.4522128,,341
2070.615670269,1790988505.4396715,961094,,18.0,342
2070.61608265,1790988519.6278274,961500,2.0150456,,343
2080.618802242,1790988522.8767061,961594,,22.0,344
2085.619734296,1790988528.7340488,961762,,-50.0,345
2090.620451311,1790988537.071827,962000,3.7989898,,346
2095.621649797,1790988541.3208961,962122,,-31.0,347
2095.621693798,1790988543.6532307,962189,,-53.0,348
2100.623186794,1790988546.7641559,962278,,-40.0,349
2105.624432648,1790988549.3161175,962351,,-50.0,350
2110.625779629,1790988554.5535822,962500,120.286194,,351
2120.626685009,1790988562.6311991,962733,,77.0,352
2120.626741316,1790988571.9737024,963000,2.091965,,353
2140.630343265,1790988572.9148798,963028,,-42.0,354
2140.630398842,1790988589.401065,963500,2.555647,,355
2155.63216451,1790988590.3450937,963528,,20.0,356
2155.632249912,1790988606.8839579,964000,16.581554,,357
2170.635625672,1790988607.8264327,964028,,18.0,358
2175.635316745,1790988619.7612443,964369,,79.0,359
2175.635363529,1790988624.38361,964500,1.1845343,,360
2180.636894048,1790988627.6272032,964594,,-31.0,361
2190.63899236,1790988629.367745,964644,,-40.0,362
2190.639039804,1790988638.330042,964901,,-41.0,363
2200.640385527,1790988641.8052342,965000,3.044005,,364
2200.640440614,1790988650.467761,965260,,-47.0,365
2210.642278374,1790988652.252275,965314,,-30.0,366
2210.642328208,1790988658.4320507,965500,6.965062,,367
2215.643331397,1790988661.5096133,965594,,-32.0,368
2220.644693016,1790988665.5848944,965717,,-40.0,369
2220.644748537,1790988669.4376056,965833,,-50.0,370
2225.645742155,1790988671.8262932,965905,,-40.0,371
2225.645798123,1790988673.253884,965948,,-51.0,372
2225.645826394,1790988675.0053296,966000,2.520928,,373
2230.646940905,1790988677.8847015,966088,,-50.0,374
2235.647834277,1790988680.6928914,966173,,-50.0,375
2240.649162559,1790988686.1511147,966338,,-40.0,376
2245.650170932,1790988691.5438044,966500,1.7534494,,377
2250.651603763,1790988693.3302283,966555,,-42.0,378
2255.652375831,1790988701.7842867,966810,,-41.0,379
2255.652427805,1790988706.4573302,966951,,-30.0,380
2265.654617133,1790988708.1060624,967000,4.2934523,,381
2275.655887171,1790988713.7246485,967171,,-50.0,382
2280.656133648,1790988724.6384387,967500,1.6489003,,383
2290.657208786,1790988730.2419279,967671,,20.0,384
2295.658484428,1790988741.1383593,968000,2.9471343,,385
2295.65854406,1790988746.7576635,968171,,3.0,386
2305.660942543,1790988747.8458514,968204,,-50.0,387
2310.661419124,1790988757.6370463,968500,4.883531,,388
2325.662704395,1790988762.0272489,968634,,-50.0,389
2330.66392311,1790988774.206164,969000,2.0122964,,390
2335.665112118,1790988778.606836,969134,,30.0,391
2340.665386625,1790988783.4212496,969279,,-42.0,392
2350.667367984,1790988790.7669227,969500,19.406147,,393
2350.667442195,1790988799.9661968,969779,,19.0,394
2355.668653452,1790988802.0428143,969842,,-61.0,395
2355.668700729,1790988805.1183534,969935,,-40.0,396
2360.670302275,1790988807.294871,970000,1.6509066,,397
2375.673362137,1790988812.2178416,970150,,-31.0,398
2380.674808188,1790988823.8340213,970500,3.155159,,399
2390.676672649,1790988828.7697518,970650,,8.0,400
2395.677509394,1790988840.3730376,971000,2.3802886,,401
2395.677552697,1790988845.316079,971150,,19.0,402
2405.679989674,1790988845.5500877,971157,,-50.0,403
2410.680793367,1790988856.9240997,971500,2.1337874,,404
2420.682298312,1790988862.1104386,971657,,27.0,405
2420.682351384,1790988871.5111904,971941,,-33.0,406
2425.683726495,1790988872.5364666,971972,,-50.0,407
2435.685611546,1790988873.4978194,972000,4.5529866,,408
2440.686521969,1790988887.7519963,972432,,-40.0,409
2440.686575407,1790988888.8437157,972465,,-41.0,410
2440.686706907,1790988890.041952,972500,1.2936342,,411
2445.687975761,1790988890.840087,972525,,-40.0,412
2450.689562081,1790988896.8119,972705,,80.0,413
2450.689618319,1790988898.7944684,972765,,-30.0,414
2455.691180119,1790988899.1897779,972777,,-50.0,415
2455.691234097,1790988905.4330087,972965,,-41.0,416
2455.69136794,1790988906.1970017,972988,,-50.0,417
2465.693315857,1790988906.6248784,973000,1.4227636,,418
2470.694173204,1790988916.806035,973309,,-35.0,419
2470.694231185,1790988922.8571794,973492,,-30.0,420
2475.695818005,1790988923.1580858,973500,4.2731104,,421
2490.698411149,1790988923.65567,973516,,-40.0,422
2490.69846097,1790988939.6943388,974000,1.8780346,,423
2490.698490846,1790988940.195141,974016,,18.0,424
2490.698516174,1790988940.3620515,974021,,-50.0,425
2500.700207978,1790988941.7433465,974062,,-50.0,426
2505.701398613,1790988951.8606884,974367,,-50.0,427
2520.702918939,1790988956.2893662,974500,1.8772674,,428
2520.70295896,1790988968.4032364,974867,,0.0,429
2525.704153734,1790988972.8611403,975000,3.8303447,,430
2540.706461607,1790988976.966952,975125,,-32.0,431
2540.706512644,1790988989.3852875,975500,2.039487,,432
2545.707501269,1790988991.2037385,975556,,80.0,433
2555.708651116,1790988996.7543268,975724,,-41.0,434
2555.708685624,1790989003.2734642,975921,,-50.0,435
2560.709944524,1790989005.9206662,976000,37.052002,,436
2565.711027825,1790989011.7713795,976178,,-30.0,437
2570.712300523,1790989016.7551932,976329,,-40.0,438
2585.715221221,1790989022.4468253,976500,1.2199574,,439
2590.716550615,1790989033.2883987,976829,,30.0,440
2600.718419489,1790989038.952791,977000,48.975708,,441
2605.719773321,1790989049.7832398,977329,,2.0,442
2610.721000647,1790989055.4862502,977500,1.4996457,,443
2615.721952964,1790989061.3066556,977677,,79.0,444
2620.723031984,1790989067.3449314,977859,,79.0,445
2620.723085685,1790989068.3035326,977888,,-50.0,446
2620.723114068,1790989069.898613,977936,,-40.0,447
2635.725844489,1790989072.044352,978000,1.500251,,448
2640.726200069,1790989086.4323711,978436,,20.0,449
2640.72624924,1790989088.517122,978499,,-50.0,450
2645.727981307,1790989088.5828824,978500,3.4247437,,451
2655.729759292,1790989094.5555286,978681,,-30.0,452
2655.729808687,1790989105.1231573,979000,4.4970484,,453
2665.731528115,1790989107.4669955,979072,,79.0,454
2665.731583026,1790989115.8612773,979325,,-30.0,455
2670.732872668,1790989118.0430334,979391,,-40.0,456
2675.73402501,1790989121.6895778,979500,7.7733464,,457
2685.735792797,1790989123.5111132,979556,,-51.0,458
2685.735840885,1790989135.8905892,979930,,-22.0,459
2690.736960743,1790989138.2324772,980000,2.9599538,,460
2700.738321849,1790989141.0462656,980086,,78.0,461
2700.738373154,1790989151.706579,980408,,-30.0,462
2700.738504767,1790989152.6029058,980435,,-40.0,463
2705.739431593,1790989152.7022855,980438,,-50.0,464
2705.739482487,1790989154.7765484,980500,6.034445,,465
2715.742070383,1790989156.3348484,980548,,-40.0,466
2715.74211998,1790989165.2168317,980816,,-50.0,467
2720.743594634,1790989167.432812,980883,,-40.0,468
2730.745013951,1790989171.342456,981000,2.7326596,,469
2735.746013166,1790989178.5578065,981219,,-50.0,470
2745.747895908,1790989187.8840368,981500,28.675697,,471
2755.748927972,1790989195.1184332,981719,,29.0,472
2755.74898386,1790989204.4858027,982000,5.970566,,473
2755.749188888,1790989204.5202622,982002,,-30.0,474
2770.751808305,1790989205.4835293,982031,,-50.0,475
2770.751861966,1790989221.0186627,982500,1.9203867,,476
2785.753851347,1790989222.0154002,982531,,18.0,477
2790.754548406,1790989237.5505335,983000,1.0405982,,478
2790.7545989,1790989238.544707,983031,,18.0,479
2800.756124712,1790989242.853164,983161,,-50.0,480
2805.756928356,1790989253.1475794,983472,,-30.0,481
2820.75884396,1790989254.1034617,983500,3.3159928,,482
2820.758894698,1790989270.1815727,983972,,10.0,483
2830.761341281,1790989271.19239,984000,24.247292,,484
2840.76328285,1790989281.274568,984291,,-21.0,485
2850.764973875,1790989288.5900831,984500,2.6220162,,486
2855.76624119,1790989298.696934,984791,,19.0,487
2855.766299165,1790989305.479331,984986,,-50.0,488
2870.76896832,1790989306.0074077,985000,3.977281,,489
2870.769021364,1790989318.3568842,985358,,-43.0,490
2870.769179111,1790989320.7037764,985429,,-50.0,491
2875.770143431,1790989323.0921803,985500,1.7302504,,492
2885.77186029,1790989324.3523085,985539,,-50.0,493
2890.773313533,1790989333.6054153,985819,,-40.0,494
2895.774238811,1790989339.6285317,986000,3.3474605,,495
2905.776457455,1790989347.033845,986225,,-20.0,496
2910.777772508,1790989356.1681342,986500,2.1847508,,497
2910.777828469,1790989361.7858164,986671,,-34.0,498
2920.779808115,1790989361.8862147,986674,,-50.0,499
2920.780385106,1790989370.5415907,986936,,-30.0,500
2935.782595593,1790989372.6998372,987000,1.7247968,,501
2940.78326856,1790989387.0629935,987436,,0.0,502
2945.783798778,1790989389.2060802,987500,10.158044,,503
2945.783854112,1790989395.2318919,987683,,-40.0,504
2955.785110531,1790989397.2240078,987743,,-50.0,505
2955.785162168,1790989405.769558,988000,2.3255382,,506
2955.785324969,1790989407.0654738,988040,,-30.0,507
2970.787934072,1790989407.7579503,988061,,-50.0,508
2975.788881492,1790989422.3069937,988500,2.4744272,,509
2990.79048399,1790989424.2903612,988561,,0.0,510
2990.790541805,1790989438.840814,989000,2.1010075,,511
3000.792517426,1790989440.8316872,989061,,20.0,512
3005.793352311,1790989450.5198448,989354,,-32.0,513
3015.795378341,1790989455.3897426,989500,2.697329,,514
3020.796584114,1790989467.0840108,989854,,20.0,515
3030.799102211,1790989471.9645085,990000,2.076688,,516
3030.799151992,1790989479.7160301,990235,,-30.0,517
3040.800768646,1790989483.3184469,990344,,-50.0,518
3050.802296028,1790989488.6560676,990500,2.8619535,,519
3055.803267788,1790989500.4146771,990839,,-22.0,520
3055.803322416,1790989504.7818677,990964,,-41.0,521
3060.804095825,1790989506.0694554,991000,3.829409,,522
3075.807077425,1790989511.0201972,991143,,-31.0,523
3080.808111801,1790989523.4839454,991500,5.323198,,524
3090.810486408,1790989528.4267077,991643,,30.0,525
3095.810900249,1790989540.8888917,992000,105.561424,,526
3100.811378536,1790989545.8492515,992143,,10.0,527
3105.812847596,1790989551.8785493,992316,,-30.0,528
3105.812906064,1790989554.556218,992393,,-40.0,529
3115.814611056,1790989558.3164983,992500,4.6942363,,530
3125.8166542,1790989565.947379,992720,,-50.0,531
3135.818226129,1790989575.7581718,993000,1.430764,,532
3140.819122928,1790989583.4379663,993220,,30.0,533
3150.821292424,1790989593.2418272,993500,0.6913261,,534
3150.821346731,1790989600.8706288,993720,,28.0,535
3160.822568982,1790989603.375845,993792,,-50.0,536
3160.822624809,1790989608.8027346,993948,,-40.0,537
3175.825952481,1790989610.6512022,994000,1.347822,,538
3175.826006561,1790989626.2477288,994448,,20.0,539
3185.828294409,1790989628.0992606,994500,2.035736,,540
3195.829679128,1790989637.518592,994770,,80.0,541
3200.830901797,1790989645.5673733,995000,1.0943284,,542
3205.831711658,1790989648.5683768,995087,,-30.0,543
3210.832178796,1790989655.220856,995278,,-50.0,544
3215.832904165,1790989663.0020032,995500,4.777539,,545
3230.834698194,1790989666.866254,995612,,-20.0,546
3230.834756027,1790989680.4304354,996000,2.3537216,,547
3245.837499863,1790989680.8838925,996014,,-30.0,548
3245.837553007,1790989696.5959857,996470,,-32.0,549
3245.837708811,1790989697.2856297,996491,,-50.0,550
3265.840748208,1790989697.6139188,996500,2.1616783,,551
3265.840803964,1790989713.769091,996991,,19.0,552
3265.840834178,1790989714.0000246,996998,,-40.0,553
3265.840857688,1790989714.099354,997000,2.8948817,,554
3275.841945056,1790989716.6365325,997078,,-40.0,555
3280.842927306,1790989726.8449216,997388,,-30.0,556
3280.842986472,1790989729.2163684,997460,,-40.0,557
3295.846022997,1790989730.5701094,997500,2.8929224,,558
3295.846079743,1790989745.6892066,997960,,30.0,559
3300.846813597,1790989747.0445817,998000,2.1999855,,560
3315.850090386,1790989752.9086964,998179,,79.0,561
3315.850175764,1790989763.491441,998500,4.7242527,,562
3320.851541349,1790989767.2620344,998616,,-30.0,563
3325.852514559,1790989770.8156626,998724,,-40.0,564
3325.852566316,1790989775.1817274,998857,,-50.0,565
3325.85272605,1790989776.987559,998912,,-50.0,566
3330.853716954,1790989777.1197717,998916,,-50.0,567
3340.856092703,1790989779.9100916,999000,3.3083146,,568
3340.856143946,1790989789.1309257,999281,,-49.0,569
3345.856896181,1790989792.7269022,999390,,-48.0,570
3360.294614074,1790989796.3872855,999500,78.35585,,571
3360.294680822,1790989809.2324982,999890,,19.0,572
3360.294711148,1790989811.3011916,999953,,-40.0,573
